Gene_ID	HGNC_symbol	expression	bool_value_all	bool_value	ecdf
ENSG00000001167	NFYA	15.5	1	1	0.893333333333333
ENSG00000004848	ARX	0.01	1	1	0.395555555555556
ENSG00000005073	HOXA11	0.01	1	1	0.182222222222222
ENSG00000005102	MEOX1	0.01	1	1	0.472592592592593
ENSG00000005302	MSL3	3.99	0	0	0.228148148148148
ENSG00000005436	GCFC2	7.46	0	0	0.837037037037037
ENSG00000005483	KMT2E	17.1	0	0	0.782222222222222
ENSG00000005513	SOX8	10.16	1	1	0.971851851851852
ENSG00000005801	ZNF195	17.97	1	1	0.97037037037037
ENSG00000005889	ZFX	1.96	0	0	0.00296296296296296
ENSG00000006047	YBX2	3.2	1	0	0.712592592592593
ENSG00000006194	ZNF263	7.3	0	0	0.08
ENSG00000006377	DLX6	0.05	1	1	0.426666666666667
ENSG00000006468	ETV1	3.41	1	0	0.681481481481481
ENSG00000006704	GTF2IRD1	14.4	0	0	0.76
ENSG00000007372	PAX6	0.07	0	0	0.077037037037037
ENSG00000007866	TEAD3	25.48	1	0	0.958518518518519
ENSG00000007968	E2F2	1.27	0	0	0.0651851851851852
ENSG00000008083	JARID2	54.97	1	1	0.997037037037037
ENSG00000008196	TFAP2B	0.04	1	1	0.86962962962963
ENSG00000008197	TFAP2D	0.01	1	0	0.905185185185185
ENSG00000008405	CRY1	9.01	1	0	0.57037037037037
ENSG00000008441	NFIX	0.5	0	0	0.111111111111111
ENSG00000008838	MED24	42.43	1	1	0.934814814814815
ENSG00000009307	CSDE1	168.27	0	0	0.502222222222222
ENSG00000009709	PAX7	0.01	1	1	0.816296296296296
ENSG00000009950	MLXIPL	3.15	1	0	0.860740740740741
ENSG00000009954	BAZ1B	31.39	0	0	0.171851851851852
ENSG00000010030	ETV7	0.41	1	0	0.638518518518518
ENSG00000010539	ZNF200	2.51	0	0	0.106666666666667
ENSG00000010803	SCMH1	10.32	0	0	0.508148148148148
ENSG00000010818	HIVEP2	1.95	0	0	0.162962962962963
ENSG00000011052	NME1-NME2	1037.85	1	1	0.983703703703704
ENSG00000011451	WIZ	14.43	0	0	0.582222222222222
ENSG00000011590	ZBTB32	0.09	0	0	0.314074074074074
ENSG00000012048	BRCA1	2.71	0	0	0.0207407407407407
ENSG00000012504	NR1H4	0	0	1	0
ENSG00000012817	KDM5D	14.39	1	1	0.974814814814815
ENSG00000012822	CALCOCO1	5.9	0	0	0.173333333333333
ENSG00000013561	RNF14	10.26	0	0	0.398518518518518
ENSG00000015153	YAF2	1.68	0	0	0.508148148148148
ENSG00000015171	ZMYND11	11.45	1	1	0.265185185185185
ENSG00000016082	ISL1	0.25	1	1	0.56
ENSG00000018408	WWTR1	2.74	1	0	0.28
ENSG00000018869	ZNF582	1.52	1	1	0.884444444444444
ENSG00000019549	SNAI2	0.77	1	1	0.447407407407407
ENSG00000020256	ZFP64	10.31	1	1	0.903703703703704
ENSG00000020426	MNAT1	10.98	0	0	0.133333333333333
ENSG00000020633	RUNX3	2	1	0	0.518518518518518
ENSG00000022840	RNF10	45.05	0	0	0.58962962962963
ENSG00000025156	HSF2	12.79	1	1	0.902222222222222
ENSG00000025293	PHF20	12.73	0	0	0.586666666666667
ENSG00000025434	NR1H3	8.51	0	0	0.748148148148148
ENSG00000028277	POU2F2	3.71	1	0	0.854814814814815
ENSG00000028839	TBPL1	9.48	0	0	0.582222222222222
ENSG00000029153	ARNTL2	1.85	0	0	0.219259259259259
ENSG00000029363	BCLAF1	14.49	0	0	0.416296296296296
ENSG00000029993	HMGB3	107.92	1	0	0.976296296296296
ENSG00000030419	IKZF2	0.19	0	0	0.231111111111111
ENSG00000032219	ARID4A	5.21	0	0	0.632592592592593
ENSG00000033800	PIAS1	7.1	0	0	0.0414814814814815
ENSG00000035928	RFC1	13.96	0	0	0.12
ENSG00000036549	ZZZ3	7.56	0	0	0.0948148148148148
ENSG00000037965	HOXC8	0.02	0	0	0.167407407407407
ENSG00000039600	SOX30	0.04	1	1	0.540740740740741
ENSG00000041988	THAP3	41.02	1	1	1
ENSG00000042429	MED17	5.46	0	0	0.0948148148148148
ENSG00000043039	BARX2	0	0	1	0
ENSG00000043355	ZIC2	66.31	1	1	0.991111111111111
ENSG00000048052	HDAC9	1.07	0	0	0.333333333333333
ENSG00000048405	ZNF800	1.77	0	0	0
ENSG00000048649	RSF1	9.41	0	0	0.217777777777778
ENSG00000049618	ARID1B	3.2	0	0	0.0177777777777778
ENSG00000049768	FOXP3	0.89	1	1	0.859259259259259
ENSG00000050344	NFE2L3	85.19	1	1	0.986666666666667
ENSG00000052850	ALX4	0.09	1	1	0.685925925925926
ENSG00000053254	FOXN3	14.77	1	1	0.900740740740741
ENSG00000054118	THRAP3	71.28	0	0	0.844444444444444
ENSG00000054267	ARID4B	13.56	0	0	0.82962962962963
ENSG00000054598	FOXC1	3.11	0	0	0.474074074074074
ENSG00000055609	KMT2C	4.48	0	0	0.331851851851852
ENSG00000057657	PRDM1	4.9	1	1	0.908148148148148
ENSG00000057935	MTA3	36.23	1	1	0.908148148148148
ENSG00000059728	MXD1	2.86	0	0	0.521481481481481
ENSG00000060138	YBX3	55.46	0	0	0.333333333333333
ENSG00000060339	CCAR1	36.77	0	0	0.644444444444444
ENSG00000060566	CREB3L3	0.26	1	1	0.887407407407407
ENSG00000061273	HDAC7	22.54	0	0	0.605925925925926
ENSG00000061337	LZTS1	0.9	1	1	0.678518518518519
ENSG00000061455	PRDM6	0.05	1	1	0.471111111111111
ENSG00000062370	ZNF112	1.5	0	0	0.602962962962963
ENSG00000063438	AHRR	1.85	0	0	0.0222222222222222
ENSG00000063515	GSC2	0.08	1	1	0.875555555555556
ENSG00000063587	ZNF275	4.56	0	0	0.594074074074074
ENSG00000063978	RNF4	20.62	0	0	0.438518518518519
ENSG00000064195	DLX3	0.36	1	1	0.620740740740741
ENSG00000064218	DMRT3	0	0	1	0
ENSG00000064393	HIPK2	4.23	0	0	0.30962962962963
ENSG00000064489	BORCS8-MEF2B	15.17	1	0	0.917037037037037
ENSG00000064490	RFXANK	51.52	1	0	0.912592592592593
ENSG00000064655	EYA2	0.3	1	1	0.644444444444444
ENSG00000064703	DDX20	6.77	0	0	0.198518518518519
ENSG00000064835	POU1F1	0	0	1	0
ENSG00000064933	PMS1	9.86	0	0	0.681481481481481
ENSG00000064961	HMG20B	60.93	0	0	0.736296296296296
ENSG00000064995	TAF11	63.48	1	1	0.98962962962963
ENSG00000065029	ZNF76	12.94	0	0	0.699259259259259
ENSG00000065526	SPEN	10.48	1	1	0.299259259259259
ENSG00000065717	TLE2	1.03	0	0	0.392592592592593
ENSG00000065970	FOXJ2	5.95	0	0	0.435555555555556
ENSG00000065978	YBX1	1213.77	1	1	1
ENSG00000066117	SMARCD1	51.58	1	1	0.902222222222222
ENSG00000066135	KDM4A	55.4	1	1	0.994074074074074
ENSG00000066136	NFYC	21.71	0	0	0.706666666666667
ENSG00000066336	SPI1	0.15	1	1	0.851851851851852
ENSG00000066422	ZBTB11	5.49	0	0	0.0325925925925926
ENSG00000066827	ZFAT	1.6	0	0	0.0414814814814815
ENSG00000067066	SP100	0.04	0	0	0.0474074074074074
ENSG00000067082	KLF6	14.5	0	0	0.343703703703704
ENSG00000067560	RHOA	241.84	0	0	0.386666666666667
ENSG00000067646	ZFY	1.84	1	1	0.748148148148148
ENSG00000067955	CBFB	11.62	1	0	0.0148148148148148
ENSG00000068024	HDAC4	2.71	0	0	0.500740740740741
ENSG00000068305	MEF2A	7.12	0	0	0.392592592592593
ENSG00000068323	TFE3	36.26	1	1	0.888888888888889
ENSG00000068903	SIRT2	5.71	0	0	0.0355555555555556
ENSG00000069011	PITX1	1.77	0	0	0.176296296296296
ENSG00000069399	BCL3	12.68	0	0	0.567407407407407
ENSG00000069667	RORA	0.39	1	1	0.623703703703704
ENSG00000069812	HES2	2.41	1	1	0.885925925925926
ENSG00000070061	IKBKAP	16.03	0	0	0.682962962962963
ENSG00000070444	MNT	7.51	0	0	0.755555555555556
ENSG00000070476	ZXDC	5.18	0	0	0.825185185185185
ENSG00000071243	ING3	3.75	0	0	0.259259259259259
ENSG00000071282	LMCD1	0.65	0	0	0.195555555555556
ENSG00000071564	TCF3	71.22	1	1	0.903703703703704
ENSG00000071655	MBD3	32.63	0	0	0.417777777777778
ENSG00000071794	HLTF	20.28	0	0	0.597037037037037
ENSG00000072310	SREBF1	17.36	0	0	0.348148148148148
ENSG00000072364	AFF4	11.46	0	0	0.211851851851852
ENSG00000072736	NFATC3	7.68	0	0	0.28
ENSG00000073282	TP63	0.02	1	1	0.317037037037037
ENSG00000073584	SMARCE1	26.78	1	1	0.00888888888888889
ENSG00000073614	KDM5A	5.48	0	0	0.127407407407407
ENSG00000073861	TBX21	0.01	0	0	0.0266666666666667
ENSG00000074047	GLI2	13.62	1	0	0.982222222222222
ENSG00000074219	TEAD2	67.5	1	1	0.992592592592593
ENSG00000074266	EED	7.5	0	0	0.0503703703703704
ENSG00000074319	TSG101	21.69	0	0	0.0607407407407407
ENSG00000074657	ZNF532	21.98	1	0	0.97037037037037
ENSG00000074800	ENO1	1186.15	0	0	0.853333333333333
ENSG00000075407	ZNF37A	3.3	0	0	0.284444444444444
ENSG00000075426	FOSL2	0.83	0	0	0.0666666666666667
ENSG00000075891	PAX2	0.01	1	1	0.497777777777778
ENSG00000076108	BAZ2A	21.6	0	0	0.441481481481481
ENSG00000077080	ACTL6B	0.34	1	1	0.917037037037037
ENSG00000077092	RARB	1.18	1	0	0.748148148148148
ENSG00000077150	NFKB2	41.5	1	1	0.881481481481482
ENSG00000078043	PIAS2	4.1	0	0	0.164444444444444
ENSG00000078246	TULP3	13.72	0	0	0.625185185185185
ENSG00000078399	HOXA9	0.02	1	1	0.225185185185185
ENSG00000078403	MLLT10	17.04	1	1	0.974814814814815
ENSG00000078699	CBFA2T2	13.59	1	1	0.948148148148148
ENSG00000078900	TP73	1.57	0	0	0.551111111111111
ENSG00000079263	SP140	0.24	0	0	0.348148148148148
ENSG00000079432	CIC	18.85	0	0	0.751111111111111
ENSG00000080298	RFX3	1.68	0	0	0.696296296296296
ENSG00000080503	SMARCA2	4.18	0	0	0.128888888888889
ENSG00000080603	SRCAP	11.16	0	0	0.077037037037037
ENSG00000080839	RBL1	1.84	0	0	0.0103703703703704
ENSG00000081059	TCF7	2.72	0	0	0.533333333333333
ENSG00000081189	MEF2C	0.12	0	0	0.287407407407407
ENSG00000081386	ZNF510	3.32	0	0	0.675555555555556
ENSG00000081665	ZNF506	2.85	0	0	0.586666666666667
ENSG00000082014	SMARCD3	3.48	0	0	0.343703703703704
ENSG00000082175	PGR	0.01	1	1	0.771851851851852
ENSG00000082641	NFE2L1	65.79	0	0	0.459259259259259
ENSG00000083168	KAT6A	7.36	0	0	0.244444444444444
ENSG00000083307	GRHL2	0.25	1	1	0.57037037037037
ENSG00000083544	TDRD3	5.98	0	0	0.733333333333333
ENSG00000083812	ZNF324	2.59	0	0	0.219259259259259
ENSG00000083814	ZNF671	5.19	1	0	0.927407407407407
ENSG00000083817	ZNF416	2.81	0	0	0.659259259259259
ENSG00000083828	ZNF586	5.37	0	0	0.814814814814815
ENSG00000083838	ZNF446	3.63	0	0	0.346666666666667
ENSG00000083844	ZNF264	2.01	0	0	0.505185185185185
ENSG00000084093	REST	24.19	1	1	1
ENSG00000084676	NCOA1	3.9	0	0	0.266666666666667
ENSG00000085231	AK6	31.49	0	0	0.232592592592593
ENSG00000085274	MYNN	5.86	0	0	0.641481481481481
ENSG00000085276	MECOM	0.07	0	0	0.217777777777778
ENSG00000085644	ZNF213	7.29	0	0	0.857777777777778
ENSG00000085721	RRN3	19.53	0	0	0.714074074074074
ENSG00000086102	NFX1	12.57	0	0	0.706666666666667
ENSG00000087077	TRIP6	71.48	1	1	0.745185185185185
ENSG00000087095	NLK	9.03	0	0	0.825185185185185
ENSG00000087152	ATXN7L3	45.29	1	1	0.985185185185185
ENSG00000087206	UIMC1	12.53	0	0	0.488888888888889
ENSG00000087510	TFAP2C	27.77	1	0	0.871111111111111
ENSG00000087842	PIR	12.17	0	0	0.485925925925926
ENSG00000087903	RFX2	0.55	0	0	0.122962962962963
ENSG00000088038	CNOT3	36.77	0	0	0.848888888888889
ENSG00000088305	DNMT3B	223.86	1	1	1
ENSG00000088876	ZNF343	3.57	0	0	0.303703703703704
ENSG00000088881	EBF4	2.3	1	0	0.805925925925926
ENSG00000089094	KDM2B	15.19	1	1	0.817777777777778
ENSG00000089116	LHX5	0.02	1	1	0.714074074074074
ENSG00000089225	TBX5	0.07	1	1	0.912592592592593
ENSG00000089335	ZNF302	9.26	0	0	0.725925925925926
ENSG00000089486	CDIP1	31.16	1	1	0.937777777777778
ENSG00000089775	ZBTB25	3.56	0	0	0.484444444444444
ENSG00000089902	RCOR1	22.57	1	1	0.884444444444444
ENSG00000090447	TFAP4	5.39	0	0	0.142222222222222
ENSG00000090612	ZNF268	1.85	0	0	0.128888888888889
ENSG00000090661	CERS4	30.57	1	0	0.955555555555556
ENSG00000091010	POU4F3	0.04	0	0	0.293333333333333
ENSG00000091656	ZFHX4	0.24	1	0	0.518518518518518
ENSG00000091831	ESR1	0.01	1	1	0.408888888888889
ENSG00000092067	CEBPE	0	0	1	0
ENSG00000092203	TOX4	15.68	0	0	0.195555555555556
ENSG00000092377	TBL1Y	2.84	1	1	0.986666666666667
ENSG00000092607	TBX15	2.5	1	1	0.896296296296296
ENSG00000094631	HDAC6	21.53	1	1	0.924444444444444
ENSG00000094916	CBX5	28.24	0	0	0.574814814814815
ENSG00000095564	BTAF1	15.25	0	0	0.837037037037037
ENSG00000095574	IKZF5	3.55	0	0	0.0533333333333333
ENSG00000095794	CREM	4.67	0	0	0.637037037037037
ENSG00000095951	HIVEP1	2.32	0	0	0.263703703703704
ENSG00000096401	CDC5L	15.66	0	0	0.0474074074074074
ENSG00000096654	ZNF184	2.06	0	0	0.142222222222222
ENSG00000096968	JAK2	1.34	0	0	0.245925925925926
ENSG00000097007	ABL1	27.08	0	0	0.779259259259259
ENSG00000099326	MZF1	15.97	1	1	0.994074074074074
ENSG00000099917	MED15	23.67	0	0	0.442962962962963
ENSG00000099949	LZTR1	15.6	0	0	0.797037037037037
ENSG00000099954	CECR2	17.7	1	1	0.995555555555556
ENSG00000099956	SMARCB1	150.41	1	1	0.965925925925926
ENSG00000100084	HIRA	26.45	0	0	0.8
ENSG00000100105	PATZ1	33.65	1	1	0.995555555555556
ENSG00000100146	SOX10	1.71	1	1	0.915555555555556
ENSG00000100201	DDX17	85.08	1	1	0.693333333333333
ENSG00000100207	TCF20	15.37	0	0	0.740740740740741
ENSG00000100219	XBP1	48.06	1	0	0.408888888888889
ENSG00000100281	HMGXB4	16.07	0	0	0.854814814814815
ENSG00000100307	CBX7	1.95	0	0	0.268148148148148
ENSG00000100320	RBFOX2	22.72	1	1	0.725925925925926
ENSG00000100393	EP300	12.86	1	1	0.30962962962963
ENSG00000100395	L3MBTL2	7.76	0	0	0.0622222222222222
ENSG00000100410	PHF5A	61.8	0	0	0.88
ENSG00000100426	ZBED4	8.87	0	0	0.595555555555556
ENSG00000100429	HDAC10	12.99	0	0	0.748148148148148
ENSG00000100603	SNW1	56.19	0	0	0.742222222222222
ENSG00000100625	SIX4	4.4	1	0	0.700740740740741
ENSG00000100644	HIF1A	30.52	0	0	0.232592592592593
ENSG00000100811	YY1	31.91	0	0	0.244444444444444
ENSG00000100815	TRIP11	3.67	0	0	0.0785185185185185
ENSG00000100823	APEX1	231.36	1	1	0.931851851851852
ENSG00000100888	CHD8	25.43	0	0	0.872592592592593
ENSG00000100906	NFKBIA	29.05	0	0	0.499259259259259
ENSG00000100968	NFATC4	32.87	1	1	0.998518518518518
ENSG00000100987	VSX1	0.02	1	1	0.731851851851852
ENSG00000101040	ZMYND8	37.64	1	1	0.915555555555556
ENSG00000101057	MYBL2	68.9	0	0	0.388148148148148
ENSG00000101076	HNF4A	0.58	1	1	0.826666666666667
ENSG00000101096	NFATC2	0.09	0	0	0.174814814814815
ENSG00000101115	SALL4	72.76	1	1	1
ENSG00000101126	ADNP	45.12	0	0	0.797037037037037
ENSG00000101161	PRPF6	97.9	1	1	0.90962962962963
ENSG00000101190	TCFL5	11.93	0	0	0.721481481481482
ENSG00000101216	GMEB2	8.15	0	0	0.474074074074074
ENSG00000101255	TRIB3	1.74	0	0	0.00740740740740741
ENSG00000101412	E2F1	21.35	0	0	0.402962962962963
ENSG00000101493	ZNF516	13.99	1	1	0.985185185185185
ENSG00000101544	ADNP2	18.8	1	1	0.948148148148148
ENSG00000101577	LPIN2	6.4	0	0	0.4
ENSG00000101665	SMAD7	9.98	0	0	0.81037037037037
ENSG00000101773	RBBP8	6.36	0	0	0.0444444444444444
ENSG00000101849	TBL1X	9.49	0	0	0.543703703703704
ENSG00000101883	RHOXF1	1.89	1	1	0.997037037037037
ENSG00000101945	SUV39H1	10.93	0	0	0.517037037037037
ENSG00000102034	ELF4	2.07	0	0	0.0622222222222222
ENSG00000102038	SMARCA1	25.44	1	0	0.785185185185185
ENSG00000102054	RBBP7	35.4	0	0	0.0251851851851852
ENSG00000102103	PQBP1	71.45	0	0	0.808888888888889
ENSG00000102145	GATA1	0.17	1	1	0.96
ENSG00000102243	VGLL1	0	0	1	0
ENSG00000102349	KLF8	3.24	1	1	0.955555555555556
ENSG00000102387	TAF7L	0.88	1	1	0.974814814814815
ENSG00000102554	KLF5	1.92	0	0	0.22962962962963
ENSG00000102804	TSC22D1	25.02	0	0	0.771851851851852
ENSG00000102870	ZNF629	10.53	1	1	0.724444444444444
ENSG00000102878	HSF4	0.94	0	0	0.145185185185185
ENSG00000102908	NFAT5	3.99	0	0	0.260740740740741
ENSG00000102931	ARL2BP	27.29	0	0	0.521481481481481
ENSG00000102935	ZNF423	10.96	1	1	0.983703703703704
ENSG00000102974	CTCF	25.65	0	0	0.56
ENSG00000103168	TAF1C	47.04	1	1	1
ENSG00000103199	ZNF500	4.88	1	0	0.918518518518519
ENSG00000103241	FOXF1	0.08	1	1	0.625185185185185
ENSG00000103275	UBE2I	32.99	0	0	0.00740740740740741
ENSG00000103316	CRYM	4.84	1	1	0.922962962962963
ENSG00000103326	CAPN15	21.58	0	0	0.816296296296296
ENSG00000103343	ZNF174	6.18	0	0	0.878518518518518
ENSG00000103363	ELOB	414.51	1	1	0.998518518518518
ENSG00000103449	SALL1	33.44	1	1	0.998518518518518
ENSG00000103460	TOX3	2.61	1	1	0.777777777777778
ENSG00000103479	RBL2	9.07	0	0	0.154074074074074
ENSG00000103495	MAZ	211.46	1	1	0.985185185185185
ENSG00000103510	KAT8	31.09	1	1	0.985185185185185
ENSG00000103671	TRIP4	9.13	0	0	0.2
ENSG00000104064	GABPB1	5.78	0	0	0.0340740740740741
ENSG00000104177	MYEF2	9.69	1	0	0.677037037037037
ENSG00000104221	BRF2	18.49	1	1	0.946666666666667
ENSG00000104313	EYA1	1.29	0	0	0.78962962962963
ENSG00000104447	TRPS1	1.09	0	0	0.386666666666667
ENSG00000104804	TULP2	0.85	1	1	0.991111111111111
ENSG00000104825	NFKBIB	26.91	1	1	0.937777777777778
ENSG00000104856	RELB	7.19	0	0	0.533333333333333
ENSG00000104881	PPP1R13L	9.02	1	0	0.542222222222222
ENSG00000104884	ERCC2	46.56	1	1	0.977777777777778
ENSG00000104885	DOT1L	27.71	1	1	0.968888888888889
ENSG00000104903	LYL1	0.27	1	1	0.539259259259259
ENSG00000104964	AES	58.14	1	1	0.0711111111111111
ENSG00000104973	MED25	20.53	0	0	0.565925925925926
ENSG00000105085	MED26	5.09	0	0	0.788148148148148
ENSG00000105136	ZNF419	1.98	0	0	0.211851851851852
ENSG00000105173	CCNE1	22.56	1	1	0.903703703703704
ENSG00000105176	URI1	23.21	0	0	0.494814814814815
ENSG00000105204	DYRK1B	12.3	1	1	0.942222222222222
ENSG00000105229	PIAS4	24.11	1	1	0.962962962962963
ENSG00000105261	OVOL3	0.88	1	1	0.906666666666667
ENSG00000105329	TGFB1	23.79	0	0	0.434074074074074
ENSG00000105392	CRX	0.09	1	0	0.980740740740741
ENSG00000105419	MEIS3	6.44	1	0	0.828148148148148
ENSG00000105497	ZNF175	1.86	0	0	0.38962962962963
ENSG00000105516	DBP	7.92	0	0	0.794074074074074
ENSG00000105610	KLF1	0.08	0	0	0.647407407407407
ENSG00000105662	CRTC1	11.95	1	1	1
ENSG00000105672	ETV2	0.96	1	1	0.905185185185185
ENSG00000105698	USF2	52.14	0	0	0.357037037037037
ENSG00000105708	ZNF14	4.83	1	1	0.957037037037037
ENSG00000105717	PBX4	4.22	1	1	0.97037037037037
ENSG00000105722	ERF	55.59	1	1	0.954074074074074
ENSG00000105732	ZNF574	21.27	1	1	0.994074074074074
ENSG00000105750	ZNF85	3.87	1	0	0.85037037037037
ENSG00000105821	DNAJC2	15.12	0	0	0.0459259259259259
ENSG00000105856	HBP1	13.37	0	0	0.444444444444444
ENSG00000105866	SP4	2.95	0	0	0.598518518518519
ENSG00000105880	DLX5	0.08	1	1	0.543703703703704
ENSG00000105967	TFEC	0	0	1	0
ENSG00000105991	HOXA1	0.02	0	0	0.0992592592592593
ENSG00000105996	HOXA2	0.01	0	0	0.100740740740741
ENSG00000105997	HOXA3	0	0	0	0
ENSG00000106004	HOXA5	0	0	0	0
ENSG00000106006	HOXA6	0.04	0	0	0.0888888888888889
ENSG00000106031	HOXA13	0	0	0	0
ENSG00000106038	EVX1	0.16	1	1	0.90962962962963
ENSG00000106261	ZKSCAN1	9.04	0	0	0.317037037037037
ENSG00000106290	TAF6	69.28	1	1	0.977777777777778
ENSG00000106331	PAX4	0.04	1	1	0.93037037037037
ENSG00000106410	NOBOX	0.01	1	1	0.862222222222222
ENSG00000106459	NRF1	10.78	0	0	0.964444444444444
ENSG00000106462	EZH2	17.51	0	0	0.241481481481481
ENSG00000106511	MEOX2	0.01	1	1	0.739259259259259
ENSG00000106536	POU6F2	1.49	1	1	0.896296296296296
ENSG00000106546	AHR	0.76	0	0	0.133333333333333
ENSG00000106571	GLI3	6.17	1	0	0.844444444444444
ENSG00000106624	AEBP1	35.88	1	1	0.903703703703704
ENSG00000106689	LHX2	5.36	1	1	0.908148148148148
ENSG00000106829	TLE4	9.05	1	0	0.8
ENSG00000106852	LHX6	1.24	1	0	0.835555555555556
ENSG00000107077	KDM4C	7.01	1	1	0.859259259259259
ENSG00000107175	CREB3	28.5	0	0	0.637037037037037
ENSG00000107187	LHX3	0.03	0	0	0.608888888888889
ENSG00000107223	EDF1	357.98	1	1	0.940740740740741
ENSG00000107249	GLIS3	0.03	0	0	0.2
ENSG00000107438	PDLIM1	193.22	1	1	0.90962962962963
ENSG00000107485	GATA3	0.88	1	1	0.506666666666667
ENSG00000107807	TLX1	0.14	1	1	0.774814814814815
ENSG00000107859	PITX3	0	0	0	0
ENSG00000107882	SUFU	4.69	0	0	0.641481481481481
ENSG00000108001	EBF3	0.51	1	1	0.8
ENSG00000108064	TFAM	13.26	0	0	0.0237037037037037
ENSG00000108175	ZMIZ1	17.93	0	0	0.594074074074074
ENSG00000108312	UBTF	25.69	0	0	0.217777777777778
ENSG00000108509	CAMTA2	14.11	1	1	0.905185185185185
ENSG00000108510	MED13	7.08	0	0	0.0622222222222222
ENSG00000108511	HOXB6	0.02	0	0	0.137777777777778
ENSG00000108561	C1QBP	228.91	0	0	0.734814814814815
ENSG00000108590	MED31	5.13	0	0	0.32
ENSG00000108604	SMARCD2	56.74	1	0	0.714074074074074
ENSG00000108654	DDX5	155.38	0	0	0.588148148148148
ENSG00000108773	KAT2A	48.36	1	1	0.962962962962963
ENSG00000108788	MLX	18.68	0	0	0.0962962962962963
ENSG00000108799	EZH1	11.23	1	0	0.933333333333333
ENSG00000108813	DLX4	0.84	0	0	0.619259259259259
ENSG00000108840	HDAC5	23.14	1	1	0.961481481481481
ENSG00000108924	HLF	0.03	1	1	0.317037037037037
ENSG00000109101	FOXN1	0.06	0	0	0.746666666666667
ENSG00000109111	SUPT6H	24.1	0	0	0.117037037037037
ENSG00000109118	PHF12	10.42	0	0	0.435555555555556
ENSG00000109132	PHOX2B	0	0	1	0
ENSG00000109320	NFKB1	3.52	0	0	0.0148148148148148
ENSG00000109381	ELF2	6.96	0	0	0.52
ENSG00000109685	NSD2	13.94	0	0	0.419259259259259
ENSG00000109705	NKX3-2	0.05	1	0	0.343703703703704
ENSG00000109787	KLF3	11.17	0	0	0.622222222222222
ENSG00000109819	PPARGC1A	0.68	1	1	0.668148148148148
ENSG00000109851	DBX1	0.12	1	1	0.946666666666667
ENSG00000109854	HTATIP2	18.59	1	1	0.423703703703704
ENSG00000109906	ZBTB16	0.1	1	1	0.877037037037037
ENSG00000110315	RNF141	5.09	0	0	0.148148148148148
ENSG00000110330	BIRC2	10.08	0	0	0.185185185185185
ENSG00000110395	CBL	6.44	0	0	0.325925925925926
ENSG00000110422	HIPK3	5.16	0	0	0.0740740740740741
ENSG00000110693	SOX6	0.06	1	1	0.527407407407407
ENSG00000110711	AIP	98.5	1	1	0.952592592592593
ENSG00000110777	POU2AF1	0.01	1	1	0.462222222222222
ENSG00000110801	PSMD9	13.33	0	0	0.17037037037037
ENSG00000110851	PRDM4	11.82	0	0	0.602962962962963
ENSG00000111046	MYF6	0	0	0	0
ENSG00000111049	MYF5	0	0	0	0
ENSG00000111087	GLI1	13.23	1	1	0.982222222222222
ENSG00000111145	ELK3	12.23	0	0	0.442962962962963
ENSG00000111206	FOXM1	31.55	0	0	0.167407407407407
ENSG00000111249	CUX2	0.81	1	1	0.927407407407407
ENSG00000111269	CREBL2	14.31	0	0	0.774814814814815
ENSG00000111424	VDR	0.01	0	0	0.00740740740740741
ENSG00000111596	CNOT2	11.19	0	0	0.0933333333333333
ENSG00000111642	CHD4	100.26	0	0	0.828148148148148
ENSG00000111653	ING4	10.86	0	0	0.567407407407407
ENSG00000111676	ATN1	94.89	1	1	0.97037037037037
ENSG00000111704	NANOG	32.53	1	1	1
ENSG00000111727	HCFC2	0.85	0	0	0.042962962962963
ENSG00000111783	RFX4	0.06	0	0	0.878518518518518
ENSG00000111802	TDP2	17	0	0	0.173333333333333
ENSG00000111837	MAK	0.89	1	1	0.942222222222222
ENSG00000111912	NCOA7	1.6	0	0	0.0651851851851852
ENSG00000112033	PPARD	13.92	0	0	0.708148148148148
ENSG00000112041	TULP1	0.52	1	1	0.976296296296296
ENSG00000112182	BACH2	1.04	1	1	0.791111111111111
ENSG00000112214	FHL5	0	0	1	0
ENSG00000112237	CCNC	17.29	0	0	0.131851851851852
ENSG00000112238	PRDM13	0.09	1	1	0.635555555555556
ENSG00000112242	E2F3	13.88	0	0	0.746666666666667
ENSG00000112246	SIM1	0.01	1	1	0.619259259259259
ENSG00000112282	MED23	8.04	0	0	0.743703703703704
ENSG00000112312	GMNN	30.66	0	0	0.417777777777778
ENSG00000112333	NR2E1	0	0	1	0
ENSG00000112365	ZBTB24	4.82	0	0	0.69037037037037
ENSG00000112511	PHF1	37.12	1	1	0.98962962962963
ENSG00000112559	MDFI	34.84	1	0	0.948148148148148
ENSG00000112561	TFEB	0.43	0	0	0.0562962962962963
ENSG00000112592	TBP	21.44	1	1	0.986666666666667
ENSG00000112658	SRF	38.62	1	1	0.977777777777778
ENSG00000112837	TBX18	0.04	1	1	0.591111111111111
ENSG00000112983	BRD8	20.75	0	0	0.765925925925926
ENSG00000113196	HAND1	0.02	1	1	0.717037037037037
ENSG00000113300	CNOT6	17.78	0	0	0.712592592592593
ENSG00000113387	SUB1	21.83	0	0	0.0666666666666667
ENSG00000113430	IRX4	3.75	1	1	0.940740740740741
ENSG00000113580	NR3C1	0.51	0	0	0.082962962962963
ENSG00000113645	WWC1	1.32	0	0	0.136296296296296
ENSG00000113649	TCERG1	24.26	1	1	0.268148148148148
ENSG00000113658	SMAD5	7.73	0	0	0.115555555555556
ENSG00000113716	HMGXB3	21.67	0	0	0.797037037037037
ENSG00000113722	CDX1	0.93	1	1	0.945185185185185
ENSG00000113916	BCL6	2.67	0	0	0.351111111111111
ENSG00000114062	UBE3A	10.75	1	1	0.0355555555555556
ENSG00000114126	TFDP2	6.48	0	0	0.715555555555556
ENSG00000114166	KAT2B	0.52	0	0	0.0444444444444444
ENSG00000114315	HES1	35.42	1	0	0.900740740740741
ENSG00000114439	BBX	6.42	0	0	0.121481481481481
ENSG00000114853	ZBTB47	2.95	0	0	0.688888888888889
ENSG00000114861	FOXP1	2.45	0	0	0.30962962962963
ENSG00000115041	KCNIP3	0.54	0	0	0.533333333333333
ENSG00000115112	TFCP2L1	0.57	1	0	0.591111111111111
ENSG00000115289	PCGF1	11.69	0	0	0.158518518518519
ENSG00000115297	TLX2	0.07	0	0	0.602962962962963
ENSG00000115415	STAT1	9.57	1	1	0.0237037037037037
ENSG00000115507	OTX1	0.05	0	0	0.0222222222222222
ENSG00000115568	ZNF142	9.48	0	0	0.808888888888889
ENSG00000115593	SMYD1	0.59	1	1	0.992592592592593
ENSG00000115641	FHL2	2.43	1	0	0.18962962962963
ENSG00000115738	ID2	103.33	1	0	0.903703703703704
ENSG00000115816	CEBPZ	70.75	1	1	0.986666666666667
ENSG00000115844	DLX2	0.03	1	1	0.082962962962963
ENSG00000115942	ORC2	12.31	0	0	0.620740740740741
ENSG00000115966	ATF2	14.31	1	1	0.448888888888889
ENSG00000116016	EPAS1	0.1	0	0	0.0859259259259259
ENSG00000116017	ARID3A	32.69	1	1	0.973333333333333
ENSG00000116030	SUMO1	79.78	1	0	0.89037037037037
ENSG00000116035	VAX2	2.69	1	1	0.881481481481482
ENSG00000116044	NFE2L2	6.41	0	0	0
ENSG00000116132	PRRX1	0.02	1	1	0.542222222222222
ENSG00000116455	WDR77	45.44	0	0	0.845925925925926
ENSG00000116478	HDAC1	68.46	0	0	0.197037037037037
ENSG00000116539	ASH1L	3.7	0	0	0.0251851851851852
ENSG00000116560	SFPQ	134.02	1	1	0.342222222222222
ENSG00000116580	GON4L	15.79	1	1	0.939259259259259
ENSG00000116604	MEF2D	11.1	0	0	0.521481481481481
ENSG00000116731	PRDM2	3.29	0	0	0.17037037037037
ENSG00000116809	ZBTB17	19.3	1	1	0.968888888888889
ENSG00000116819	TFAP2E	0.92	0	0	0.835555555555556
ENSG00000116830	TTF2	7.25	0	0	0.121481481481481
ENSG00000116833	NR5A2	2.16	1	1	0.89037037037037
ENSG00000116990	MYCL	7.77	1	1	0.958518518518519
ENSG00000117000	RLF	7.49	0	0	0.705185185185185
ENSG00000117010	ZNF684	2.38	0	0	0.74962962962963
ENSG00000117036	ETV3	5.67	0	0	0.404444444444444
ENSG00000117139	KDM5B	18.86	0	0	0.715555555555556
ENSG00000117222	RBBP5	7.89	0	0	0.177777777777778
ENSG00000117318	ID3	163.11	0	0	0.865185185185185
ENSG00000117475	BLZF1	3.79	0	0	0.0325925925925926
ENSG00000117505	DR1	9.86	1	0	0.00444444444444444
ENSG00000117595	IRF6	1.57	1	0	0.53037037037037
ENSG00000117625	RCOR3	7.89	0	0	0.687407407407407
ENSG00000117707	PROX1	0.23	1	1	0.68
ENSG00000117713	ARID1A	22.39	0	0	0.61037037037037
ENSG00000117724	CENPF	25.08	0	0	0.274074074074074
ENSG00000118058	KMT2A	6.22	0	0	0.24
ENSG00000118156	ZNF541	0.1	1	0	0.828148148148148
ENSG00000118217	ATF6	7.78	0	0	0.00296296296296296
ENSG00000118260	CREB1	5.84	0	0	0.471111111111111
ENSG00000118263	KLF7	4.52	0	0	0.493333333333333
ENSG00000118418	HMGN3	209.88	1	1	0.998518518518518
ENSG00000118495	PLAGL1	0.73	0	0	0.426666666666667
ENSG00000118513	MYB	1.02	0	0	0.463703703703704
ENSG00000118526	TCF21	0	0	1	0
ENSG00000118620	ZNF430	2.11	0	0	0.379259259259259
ENSG00000118689	FOXO3	7.46	1	1	0.974814814814815
ENSG00000118707	TGIF2	35.19	1	1	0.983703703703704
ENSG00000118922	KLF12	1.08	0	0	0.351111111111111
ENSG00000119042	SATB2	5.73	1	0	0.740740740740741
ENSG00000119048	UBE2B	14.97	0	0	0.322962962962963
ENSG00000119138	KLF9	2.77	0	0	0.561481481481481
ENSG00000119401	TRIM32	7.49	1	0	0.41037037037037
ENSG00000119403	PHF19	13.86	0	0	0.348148148148148
ENSG00000119508	NR4A3	0.2	1	1	0.628148148148148
ENSG00000119547	ONECUT2	0.32	0	0	0.46962962962963
ENSG00000119574	ZBTB45	14.79	1	1	0.991111111111111
ENSG00000119608	PROX2	0.1	0	0	0.22962962962963
ENSG00000119614	VSX2	0	0	1	0
ENSG00000119715	ESRRB	0.29	1	1	0.931851851851852
ENSG00000119725	ZNF410	8.95	0	0	0.0133333333333333
ENSG00000119760	SUPT7L	27	1	1	1
ENSG00000119866	BCL11A	1.5	1	1	0.76
ENSG00000119919	NKX2-3	0	0	1	0
ENSG00000119950	MXI1	7.3	0	0	0.617777777777778
ENSG00000120068	HOXB8	0	0	1	0
ENSG00000120075	HOXB5	0	0	1	0
ENSG00000120093	HOXB3	10.17	1	0	0.813333333333333
ENSG00000120094	HOXB1	6.16	1	1	1
ENSG00000120149	MSX2	8	1	1	0.81037037037037
ENSG00000120533	ENY2	21.89	0	0	0.30962962962963
ENSG00000120616	EPC1	5.73	0	0	0.361481481481481
ENSG00000120656	TAF12	29.26	1	1	0.925925925925926
ENSG00000120669	SOHLH2	4.55	1	1	0.925925925925926
ENSG00000120690	ELF1	6.75	0	0	0.152592592592593
ENSG00000120693	SMAD9	0.51	1	1	0.448888888888889
ENSG00000120738	EGR1	57.45	0	0	0.924444444444444
ENSG00000120784	ZFP30	2.85	0	0	0.631111111111111
ENSG00000120798	NR2C1	15.91	1	1	0.998518518518518
ENSG00000120837	NFYB	14.11	0	0	0.81037037037037
ENSG00000121022	COPS5	16.31	0	0	0.00296296296296296
ENSG00000121060	TRIM25	4.14	0	0	0.00592592592592593
ENSG00000121068	TBX2	0.02	1	1	0.21037037037037
ENSG00000121075	TBX4	0.1	1	1	0.798518518518519
ENSG00000121297	TSHZ3	0.31	1	1	0.648888888888889
ENSG00000121390	PSPC1	37.44	1	1	0.951111111111111
ENSG00000121406	ZNF549	1.09	0	0	0.305185185185185
ENSG00000121413	ZSCAN18	10.44	1	0	0.921481481481481
ENSG00000121417	ZNF211	6.5	1	0	0.911111111111111
ENSG00000121454	LHX4	0.45	0	0	0.12
ENSG00000121481	RNF2	13.84	1	1	0.914074074074074
ENSG00000121653	MAPK8IP1	6.29	1	0	0.777777777777778
ENSG00000121741	ZMYM2	22.24	1	1	0.977777777777778
ENSG00000121864	ZNF639	7.24	0	0	0.145185185185185
ENSG00000121903	ZSCAN20	1.21	0	0	0.385185185185185
ENSG00000122034	GTF3A	42.48	0	0	0.168888888888889
ENSG00000122145	TBX22	0	0	1	0
ENSG00000122180	MYOG	0.01	1	1	0.773333333333333
ENSG00000122386	ZNF205	25.98	1	1	1
ENSG00000122515	ZMIZ2	39.33	1	1	0.853333333333333
ENSG00000122565	CBX3	62.42	0	0	0.336296296296296
ENSG00000122592	HOXA7	1.73	1	0	0.58962962962963
ENSG00000122691	TWIST1	0.14	1	1	0.456296296296296
ENSG00000122728	TAF1L	0.06	0	0	0.70962962962963
ENSG00000122779	TRIM24	42.07	1	1	0.976296296296296
ENSG00000122859	NEUROG3	2.77	1	1	0.982222222222222
ENSG00000122877	EGR2	1.46	1	1	0.896296296296296
ENSG00000122882	ECD	20.16	0	0	0.745185185185185
ENSG00000123064	DDX54	49.54	0	0	0.937777777777778
ENSG00000123095	BHLHE41	0.16	0	0	0.234074074074074
ENSG00000123124	WWP1	11.59	0	0	0.468148148148148
ENSG00000123268	ATF1	8.77	0	0	0.179259259259259
ENSG00000123307	NEUROD4	0.01	1	1	0.918518518518519
ENSG00000123349	PFDN5	105.26	0	0	0.0503703703703704
ENSG00000123358	NR4A1	13.77	0	0	0.851851851851852
ENSG00000123364	HOXC13	0.02	0	0	0.2
ENSG00000123374	CDK2	14.23	1	1	0.0222222222222222
ENSG00000123388	HOXC11	0	0	1	0
ENSG00000123405	NFE2	1.05	1	1	0.841481481481481
ENSG00000123407	HOXC12	0	0	1	0
ENSG00000123411	IKZF4	6.36	1	1	0.997037037037037
ENSG00000123576	ESX1	0.07	1	1	0.877037037037037
ENSG00000123636	BAZ2B	2.81	0	0	0.287407407407407
ENSG00000123685	BATF3	0.6	0	0	0.413333333333333
ENSG00000123908	AGO2	9.53	0	0	0.293333333333333
ENSG00000123933	MXD4	14.21	0	0	0.754074074074074
ENSG00000124092	CTCFL	8.08	1	1	0.976296296296296
ENSG00000124151	NCOA3	7.66	0	0	0.284444444444444
ENSG00000124177	CHD6	7.69	0	0	0.620740740740741
ENSG00000124191	TOX2	0.82	0	0	0.405925925925926
ENSG00000124203	ZNF831	0	0	1	0
ENSG00000124216	SNAI1	13.59	1	1	0.955555555555556
ENSG00000124232	RBPJL	0.14	0	0	0.88
ENSG00000124422	USP22	88.21	1	1	0.807407407407407
ENSG00000124440	HIF3A	3.8	1	1	0.994074074074074
ENSG00000124444	ZNF576	6.82	0	0	0.717037037037037
ENSG00000124459	ZNF45	4.06	0	0	0.352592592592593
ENSG00000124496	TRERF1	13.92	1	0	0.965925925925926
ENSG00000124613	ZNF391	2.78	1	0	0.845925925925926
ENSG00000124641	MED20	13.87	0	0	0.595555555555556
ENSG00000124664	SPDEF	0.82	1	1	0.764444444444444
ENSG00000124766	SOX4	82.47	1	1	0.94962962962963
ENSG00000124782	RREB1	3.8	0	0	0.192592592592593
ENSG00000124795	DEK	41.54	0	0	0.0518518518518519
ENSG00000124813	RUNX2	0.06	0	0	0.137777777777778
ENSG00000124827	GCM2	0.14	1	1	0.995555555555556
ENSG00000124920	MYRF	5.07	0	0	0.699259259259259
ENSG00000125107	CNOT1	38.82	0	0	0.361481481481481
ENSG00000125285	SOX21	5.91	1	1	0.93037037037037
ENSG00000125347	IRF1	0.86	0	0	0.0148148148148148
ENSG00000125398	SOX9	2.23	1	0	0.351111111111111
ENSG00000125482	TTF1	14.36	1	1	0.94962962962963
ENSG00000125492	BARHL1	0.05	1	1	0.954074074074074
ENSG00000125520	SLC2A4RG	38.27	0	0	0.651851851851852
ENSG00000125533	BHLHE23	0.31	1	1	0.982222222222222
ENSG00000125618	PAX8	0.82	0	0	0.462222222222222
ENSG00000125651	GTF2F1	80.62	1	1	0.979259259259259
ENSG00000125686	MED1	8.67	0	0	0.0414814814814815
ENSG00000125740	FOSB	13.93	1	1	0.985185185185185
ENSG00000125798	FOXA2	0.02	1	1	0.45037037037037
ENSG00000125812	GZF1	5.38	0	0	0.371851851851852
ENSG00000125813	PAX1	0.01	1	1	0.831111111111111
ENSG00000125816	NKX2-4	0.04	1	1	0.791111111111111
ENSG00000125817	CENPB	34.47	0	0	0.351111111111111
ENSG00000125820	NKX2-2	0.01	1	1	0.613333333333333
ENSG00000125846	ZNF133	13.08	1	1	0.992592592592593
ENSG00000125850	OVOL2	5.67	1	0	0.737777777777778
ENSG00000125878	TCF15	2.68	1	1	0.955555555555556
ENSG00000125931	CITED1	0.87	1	0	0.76
ENSG00000125945	ZNF436	1.13	0	0	0.0148148148148148
ENSG00000125952	MAX	16.34	0	0	0.306666666666667
ENSG00000125968	ID1	794.18	1	1	1
ENSG00000126003	PLAGL2	10.33	0	0	0.562962962962963
ENSG00000126012	KDM5C	26.99	0	0	0.641481481481481
ENSG00000126351	THRA	7.46	0	0	0.491851851851852
ENSG00000126368	NR1D1	11.08	0	0	0.811851851851852
ENSG00000126456	IRF3	50.04	1	1	0.939259259259259
ENSG00000126561	STAT5A	6.12	1	0	0.786666666666667
ENSG00000126603	GLIS2	11.03	0	0	0.776296296296296
ENSG00000126733	DACH2	0.33	1	1	0.934814814814815
ENSG00000126746	ZNF384	21.45	0	0	0.65037037037037
ENSG00000126752	SSX1	0.17	1	1	0.782222222222222
ENSG00000126767	ELK1	12.26	0	0	0.165925925925926
ENSG00000126778	SIX1	0.14	0	0	0.168888888888889
ENSG00000126804	ZBTB1	6.73	0	0	0.419259259259259
ENSG00000126856	PRDM7	0.05	1	1	0.906666666666667
ENSG00000127081	ZNF484	3.18	1	1	0.906666666666667
ENSG00000127124	HIVEP3	0.16	0	0	0.0814814814814815
ENSG00000127152	BCL11B	0.31	1	1	0.694814814814815
ENSG00000127337	YEATS4	22.78	0	0	0.604444444444444
ENSG00000127511	SIN3B	21.35	1	1	0.971851851851852
ENSG00000127528	KLF2	0.72	0	0	0.256296296296296
ENSG00000127616	SMARCA4	81.9	1	1	0.894814814814815
ENSG00000127870	RNF6	10.9	0	0	0.195555555555556
ENSG00000127903	ZNF835	0.1	1	1	0.808888888888889
ENSG00000128000	ZNF780B	1.67	0	0	0.527407407407407
ENSG00000128272	ATF4	246.74	1	1	0.905185185185185
ENSG00000128573	FOXP2	0.02	1	1	0.383703703703704
ENSG00000128604	IRF5	0.56	0	0	0.284444444444444
ENSG00000128610	FEZF1	0.09	1	1	0.715555555555556
ENSG00000128645	HOXD1	0.12	1	1	0.568888888888889
ENSG00000128652	HOXD3	0.48	1	1	0.727407407407407
ENSG00000128709	HOXD9	0.02	1	1	0.438518518518519
ENSG00000128710	HOXD10	0	0	1	0
ENSG00000128713	HOXD11	0	0	1	0
ENSG00000128714	HOXD13	0.06	1	1	0.536296296296296
ENSG00000129028	THAP10	1.42	0	0	0.223703703703704
ENSG00000129071	MBD4	23.26	0	0	0.807407407407407
ENSG00000129152	MYOD1	0	0	1	0
ENSG00000129173	E2F8	1.4	0	0	0.0414814814814815
ENSG00000129194	SOX15	13.03	1	1	0.915555555555556
ENSG00000129315	CCNT1	7.48	0	0	0.266666666666667
ENSG00000129465	RIPK3	0.22	1	1	0.58962962962963
ENSG00000129474	AJUBA	2.86	0	0	0.237037037037037
ENSG00000129514	FOXA1	0	0	0	0
ENSG00000129535	NRL	0.83	0	0	0.804444444444444
ENSG00000129559	NEDD8	95.1	0	0	0.0355555555555556
ENSG00000129654	FOXJ1	0.24	1	1	0.70962962962963
ENSG00000129691	ASH2L	71.41	1	1	0.982222222222222
ENSG00000129873	CDY2B	0	0	0	0
ENSG00000129911	KLF16	23.55	1	1	0.922962962962963
ENSG00000129993	CBFA2T3	0.94	1	1	0.714074074074074
ENSG00000130182	ZSCAN10	107.15	1	1	1
ENSG00000130254	SAFB2	23.83	0	0	0.474074074074074
ENSG00000130338	TULP4	2.99	0	0	0.357037037037037
ENSG00000130382	MLLT1	23.03	0	0	0.565925925925926
ENSG00000130522	JUND	125.9	1	1	0.983703703703704
ENSG00000130544	ZNF557	2.03	0	0	0.751111111111111
ENSG00000130589	HELZ2	5.65	0	0	0.671111111111111
ENSG00000130675	MNX1	0.07	0	0	0.198518518518519
ENSG00000130684	ZNF337	16.32	1	1	0.965925925925926
ENSG00000130699	TAF4	7.4	0	0	0.379259259259259
ENSG00000130700	GATA5	2.75	1	1	0.954074074074074
ENSG00000130711	PRDM12	0.69	1	0	0.982222222222222
ENSG00000130726	TRIM28	514.39	1	1	0.997037037037037
ENSG00000130751	NPAS1	10.03	1	1	0.977777777777778
ENSG00000130758	MAP3K10	13.91	1	1	0.982222222222222
ENSG00000130803	ZNF317	14.95	0	0	0.822222222222222
ENSG00000130816	DNMT1	24.85	0	0	0.0622222222222222
ENSG00000130818	ZNF426	3.89	0	0	0.576296296296296
ENSG00000130844	ZNF331	10.61	1	0	0.980740740740741
ENSG00000130856	ZNF236	4.71	1	1	0.973333333333333
ENSG00000130940	CASZ1	0.96	0	0	0.388148148148148
ENSG00000130956	HABP4	15.12	0	0	0.841481481481481
ENSG00000131051	RBM39	44.89	0	0	0.037037037037037
ENSG00000131061	ZNF341	4.4	1	1	0.954074074074074
ENSG00000131115	ZNF227	5.6	0	0	0.545185185185185
ENSG00000131127	ZNF141	2.81	0	0	0.474074074074074
ENSG00000131196	NFATC1	3.73	1	0	0.816296296296296
ENSG00000131263	RLIM	12.47	0	0	0.856296296296296
ENSG00000131264	CDX4	0.35	1	1	1
ENSG00000131408	NR1H2	20.18	0	0	0.328888888888889
ENSG00000131470	PSMC3IP	13.75	0	0	0.0874074074074074
ENSG00000131475	VPS25	79.95	1	1	0.936296296296296
ENSG00000131668	BARX1	5.73	1	1	0.85037037037037
ENSG00000131721	RHOXF2	0.53	1	1	0.994074074074074
ENSG00000131759	RARA	3.5	0	0	0.100740740740741
ENSG00000131788	PIAS3	19.49	0	0	0.69037037037037
ENSG00000131845	ZNF304	3.76	0	0	0.562962962962963
ENSG00000131848	ZSCAN5A	0.83	0	0	0.152592592592593
ENSG00000131849	ZNF132	1.86	0	0	0.831111111111111
ENSG00000131910	NR0B2	0.05	1	1	0.588148148148148
ENSG00000131914	LIN28A	464.26	1	1	0.997037037037037
ENSG00000131931	THAP1	6.55	0	0	0.691851851851852
ENSG00000132005	RFX1	11.19	1	0	0.994074074074074
ENSG00000132010	ZNF20	3.07	1	0	0.92
ENSG00000132170	PPARG	0.87	1	0	0.351111111111111
ENSG00000132274	TRIM22	43.51	1	0	0.968888888888889
ENSG00000132341	RAN	353.13	0	0	0.459259259259259
ENSG00000132382	MYBBP1A	41.46	0	0	0.779259259259259
ENSG00000132522	GPS2	90.24	1	1	0.982222222222222
ENSG00000132570	PCBD2	2.54	0	0	0.162962962962963
ENSG00000132604	TERF2	10.49	0	0	0.408888888888889
ENSG00000132664	POLR3F	8.06	0	0	0.524444444444444
ENSG00000132846	ZBED3	2.06	0	0	0.395555555555556
ENSG00000132964	CDK8	15.06	1	0	0.700740740740741
ENSG00000133111	RFXAP	8.07	1	1	0.933333333333333
ENSG00000133398	MED10	23.94	0	0	0.179259259259259
ENSG00000133639	BTG1	17.81	0	0	0.752592592592593
ENSG00000133740	E2F5	13.22	0	0	0.751111111111111
ENSG00000133773	CCDC59	14.42	0	0	0.334814814814815
ENSG00000133794	ARNTL	0.52	0	0	0.0548148148148148
ENSG00000133884	DPF2	22.49	1	1	0.257777777777778
ENSG00000133895	MEN1	37.17	1	1	0.991111111111111
ENSG00000133937	GSC	3.22	1	1	0.985185185185185
ENSG00000133997	MED6	12.61	0	0	0.100740740740741
ENSG00000134013	LOXL2	17.19	0	0	0.591111111111111
ENSG00000134046	MBD2	10.84	0	0	0.536296296296296
ENSG00000134058	CDK7	38.85	1	1	0.922962962962963
ENSG00000134086	VHL	16.99	0	0	0.561481481481481
ENSG00000134107	BHLHE40	5.55	0	0	0.117037037037037
ENSG00000134138	MEIS2	0.78	0	0	0.118518518518519
ENSG00000134317	GRHL1	0.97	0	0	0.411851851851852
ENSG00000134323	MYCN	34.93	1	1	0.97037037037037
ENSG00000134438	RAX	0.04	1	1	0.942222222222222
ENSG00000134480	CCNH	16.19	0	0	0.402962962962963
ENSG00000134504	KCTD1	3.91	0	0	0.414814814814815
ENSG00000134532	SOX5	0.19	1	1	0.645925925925926
ENSG00000134595	SOX3	0.52	1	1	0.967407407407407
ENSG00000134758	RNF138	18.77	1	1	0.871111111111111
ENSG00000134759	ELP2	15.7	0	0	0.288888888888889
ENSG00000134852	CLOCK	3.73	0	0	0.225185185185185
ENSG00000134954	ETS1	2.38	1	0	0.183703703703704
ENSG00000135100	HNF1A	0.68	0	0	0.52
ENSG00000135111	TBX3	0.46	0	0	0.306666666666667
ENSG00000135144	DTX1	0.82	1	1	0.742222222222222
ENSG00000135164	DMTF1	16.28	0	0	0.819259259259259
ENSG00000135373	EHF	0	0	0	0
ENSG00000135374	ELF5	0	0	1	0
ENSG00000135457	TFCP2	26.55	1	1	0.980740740740741
ENSG00000135547	HEY2	23.38	1	1	1
ENSG00000135625	EGR4	0.28	1	1	0.893333333333333
ENSG00000135638	EMX1	0.06	1	1	0.678518518518519
ENSG00000135679	MDM2	17.07	0	0	0.631111111111111
ENSG00000135801	TAF5L	7.22	0	0	0.545185185185185
ENSG00000135899	SP110	0.25	0	0	0.042962962962963
ENSG00000135903	PAX3	0.05	1	1	0.764444444444444
ENSG00000135999	EPC2	5.49	0	0	0.161481481481481
ENSG00000136146	MED4	36.31	1	1	0.946666666666667
ENSG00000136169	SETDB2	3.05	1	0	0.733333333333333
ENSG00000136327	NKX2-8	0.05	1	1	0.522962962962963
ENSG00000136352	NKX2-1	0	0	1	0
ENSG00000136367	ZFHX2	5.4	1	1	0.997037037037037
ENSG00000136451	VEZF1	7.62	0	0	0.0888888888888889
ENSG00000136492	BRIP1	2.16	0	0	0.102222222222222
ENSG00000136504	KAT7	32.76	1	1	0.977777777777778
ENSG00000136518	ACTL6A	26.57	1	1	0.0192592592592593
ENSG00000136535	TBR1	0	0	0	0
ENSG00000136574	GATA4	0.07	1	1	0.537777777777778
ENSG00000136603	SKIL	13.49	0	0	0.782222222222222
ENSG00000136630	HLX	0.45	1	1	0.534814814814815
ENSG00000136715	SAP130	34.8	1	1	0.997037037037037
ENSG00000136770	DNAJC1	11.63	0	0	0.36
ENSG00000136807	CDK9	53.55	1	1	0.988148148148148
ENSG00000136826	KLF4	91.2	1	1	1
ENSG00000136866	ZFP37	2.31	1	0	0.838518518518519
ENSG00000136870	ZNF189	6.89	0	0	0.754074074074074
ENSG00000136931	NR5A1	0.03	0	0	0.743703703703704
ENSG00000136944	LMX1B	0	0	1	0
ENSG00000136997	MYC	217.68	1	1	0.911111111111111
ENSG00000137090	DMRT1	0.02	1	1	0.579259259259259
ENSG00000137166	FOXP4	12.35	0	0	0.635555555555556
ENSG00000137185	ZSCAN9	7.93	1	0	0.868148148148148
ENSG00000137203	TFAP2A	0.66	0	0	0.179259259259259
ENSG00000137265	IRF4	0.23	1	1	0.786666666666667
ENSG00000137270	GCM1	0.07	0	0	0.882962962962963
ENSG00000137273	FOXF2	1.89	1	1	0.648888888888889
ENSG00000137309	HMGA1	1125.22	1	1	0.997037037037037
ENSG00000137310	TCF19	8.21	0	0	0.0651851851851852
ENSG00000137486	ARRB1	23.13	1	0	0.934814814814815
ENSG00000137492	THAP12	6.9	0	0	0.598518518518519
ENSG00000137504	CREBZF	13.99	0	0	0.714074074074074
ENSG00000137574	TGS1	29.44	1	1	0.968888888888889
ENSG00000137693	YAP1	27.59	1	1	0.52
ENSG00000137699	TRIM29	0.05	1	1	0.364444444444444
ENSG00000137709	POU2F3	0.27	1	1	0.752592592592593
ENSG00000137834	SMAD6	2.36	0	0	0.435555555555556
ENSG00000137948	BRDT	0.07	1	1	0.946666666666667
ENSG00000138073	PREB	41.03	0	0	0.651851851851852
ENSG00000138083	SIX3	0.05	1	1	0.576296296296296
ENSG00000138136	LBX1	0.02	1	1	0.791111111111111
ENSG00000138378	STAT4	0.02	1	1	0.164444444444444
ENSG00000138380	CARF	1.62	1	1	0.888888888888889
ENSG00000138386	NAB1	2.98	0	0	0.0281481481481481
ENSG00000138433	CIR1	18.12	0	0	0.714074074074074
ENSG00000138668	HNRNPD	168.44	0	0	0.527407407407407
ENSG00000138738	PRDM5	3.64	0	0	0.940740740740741
ENSG00000138795	LEF1	0.43	0	0	0.437037037037037
ENSG00000139083	ETV6	3.17	0	0	0.228148148148148
ENSG00000139154	AEBP2	16.13	1	0	0.94962962962963
ENSG00000139352	ASCL1	2.72	1	1	0.934814814814815
ENSG00000139445	FOXN4	0.37	1	1	0.86962962962963
ENSG00000139515	PDX1	0	0	1	0
ENSG00000139613	SMARCC2	22.55	0	0	0.278518518518518
ENSG00000139618	BRCA2	0.98	0	0	0.04
ENSG00000139624	CERS5	18.4	0	0	0.685925925925926
ENSG00000139651	ZNF740	3.76	0	0	0.00148148148148148
ENSG00000139687	RB1	3.14	1	1	0.0844444444444444
ENSG00000139800	ZIC5	7.38	1	1	0.961481481481481
ENSG00000140009	ESR2	0.29	0	0	0.721481481481482
ENSG00000140044	JDP2	2.81	0	0	0.374814814814815
ENSG00000140262	TCF12	12.63	0	0	0.225185185185185
ENSG00000140265	ZSCAN29	6.55	0	0	0.662222222222222
ENSG00000140307	GTF2A2	19.76	0	0	0.121481481481481
ENSG00000140382	HMG20A	16.78	0	0	0.657777777777778
ENSG00000140396	NCOA2	4.72	0	0	0.220740740740741
ENSG00000140464	PML	7.41	0	0	0.552592592592593
ENSG00000140548	ZNF710	11.46	1	1	0.917037037037037
ENSG00000140682	TGFB1I1	4.3	1	0	0.50962962962963
ENSG00000140836	ZFHX3	1.04	0	0	0.114074074074074
ENSG00000140968	IRF8	0.08	1	1	0.580740740740741
ENSG00000140987	ZSCAN32	9.11	0	0	0.915555555555556
ENSG00000141002	TCF25	29.23	0	0	0.148148148148148
ENSG00000141027	NCOR1	15.6	0	0	0.571851851851852
ENSG00000141040	ZNF287	2.25	1	0	0.848888888888889
ENSG00000141052	MYOCD	0.14	1	1	0.896296296296296
ENSG00000141232	TOB1	38.8	1	1	0.832592592592593
ENSG00000141384	TAF4B	5.47	0	0	0.774814814814815
ENSG00000141448	GATA6	0.13	0	0	0.205925925925926
ENSG00000141510	TP53	67.31	1	1	0.893333333333333
ENSG00000141568	FOXK2	19.01	0	0	0.457777777777778
ENSG00000141570	CBX8	2.49	0	0	0.0118518518518519
ENSG00000141582	CBX4	5.88	0	0	0.0340740740740741
ENSG00000141644	MBD1	18.5	0	0	0.853333333333333
ENSG00000141646	SMAD4	8.46	1	1	0.654814814814815
ENSG00000141736	ERBB2	16.99	0	0	0.542222222222222
ENSG00000141867	BRD4	24.55	0	0	0.856296296296296
ENSG00000141905	NFIC	1.36	0	0	0.082962962962963
ENSG00000141946	ZIM3	0	0	0	0
ENSG00000141956	PRDM15	3.7	0	0	0.848888888888889
ENSG00000142025	DMRTC2	0	0	0	0
ENSG00000142065	ZFP14	2.77	1	1	0.976296296296296
ENSG00000142279	WTIP	1.95	1	0	0.551111111111111
ENSG00000142409	ZNF787	27.28	0	0	0.84
ENSG00000142453	CARM1	96.27	1	1	0.992592592592593
ENSG00000142528	ZNF473	2.45	0	0	0.0844444444444444
ENSG00000142556	ZNF614	5.13	0	0	0.820740740740741
ENSG00000142599	RERE	18.64	0	0	0.77037037037037
ENSG00000142611	PRDM16	0.71	1	1	0.854814814814815
ENSG00000142655	PEX14	35.95	1	1	0.997037037037037
ENSG00000142684	ZNF593	88.14	1	1	0.98962962962963
ENSG00000142700	DMRTA2	0.07	1	1	0.66962962962963
ENSG00000142856	ITGB3BP	8.53	0	0	0.0785185185185185
ENSG00000142867	BCL10	6.27	0	0	0.447407407407407
ENSG00000143006	DMRTB1	0.14	1	1	0.994074074074074
ENSG00000143032	BARHL2	0.02	1	1	0.765925925925926
ENSG00000143033	MTF2	30.93	1	1	0.965925925925926
ENSG00000143067	ZNF697	6.14	1	0	0.828148148148148
ENSG00000143162	CREG1	7.94	0	0	0.0711111111111111
ENSG00000143171	RXRG	0.31	1	1	0.878518518518518
ENSG00000143178	TBX19	0.91	0	0	0.674074074074074
ENSG00000143190	POU2F1	11.18	1	1	0.988148148148148
ENSG00000143194	MAEL	0.2	1	1	0.912592592592593
ENSG00000143257	NR1I3	5.84	0	0	0.708148148148148
ENSG00000143258	USP21	19.66	1	1	0.872592592592593
ENSG00000143321	HDGF	102.96	0	0	0.042962962962963
ENSG00000143355	LHX9	0	0	1	0
ENSG00000143365	RORC	0.01	1	1	0.179259259259259
ENSG00000143373	ZNF687	15.78	0	0	0.842962962962963
ENSG00000143379	SETDB1	22.25	1	1	0.911111111111111
ENSG00000143390	RFX5	24.89	0	0	0.691851851851852
ENSG00000143437	ARNT	13.55	0	0	0.641481481481481
ENSG00000143498	TAF1A	3.77	0	0	0.254814814814815
ENSG00000143578	CREB3L4	22.01	1	1	0.896296296296296
ENSG00000143614	GATAD2B	9.41	0	0	0.508148148148148
ENSG00000143621	ILF2	228.29	0	0	0.616296296296296
ENSG00000143799	PARP1	106.3	0	0	0.564444444444444
ENSG00000143842	SOX13	20.36	1	0	0.885925925925926
ENSG00000143867	OSR1	0.41	1	1	0.61037037037037
ENSG00000143995	MEIS1	2.18	1	0	0.657777777777778
ENSG00000144026	ZNF514	6.48	1	1	0.939259259259259
ENSG00000144218	AFF3	0.43	1	0	0.605925925925926
ENSG00000144355	DLX1	0.03	0	0	0.0948148148148148
ENSG00000144485	HES6	17.29	1	0	0.779259259259259
ENSG00000144560	VGLL4	7.83	0	0	0.151111111111111
ENSG00000144747	TMF1	5.79	0	0	0.158518518518519
ENSG00000144791	LIMD1	4.08	0	0	0.0992592592592593
ENSG00000144792	ZNF660	1.51	1	1	0.90962962962963
ENSG00000144802	NFKBIZ	1.17	0	0	0.16
ENSG00000144852	NR1I2	0.03	1	1	0.771851851851852
ENSG00000145386	CCNA2	61.22	0	0	0.791111111111111
ENSG00000145391	SETD7	1.63	0	0	0.0162962962962963
ENSG00000145687	SSBP2	7.2	0	0	0.632592592592593
ENSG00000145734	BDP1	3.83	0	0	0.08
ENSG00000145741	BTF3	352.51	0	0	0.548148148148148
ENSG00000145908	ZNF300	11.93	1	0	0.977777777777778
ENSG00000146109	ABT1	30.01	1	1	0.958518518518519
ENSG00000146247	PHIP	18.62	1	1	0.946666666666667
ENSG00000146278	PNRC1	18.47	0	0	0.795555555555556
ENSG00000146587	RBAK	5.64	0	0	0.660740740740741
ENSG00000146592	CREB5	0.16	0	0	0.278518518518518
ENSG00000146618	FERD3L	0	0	0	0
ENSG00000146676	PURB	7.41	0	0	0.0933333333333333
ENSG00000146757	ZNF92	8.9	0	0	0.77037037037037
ENSG00000147099	HDAC8	5.5	0	0	0.517037037037037
ENSG00000147117	ZNF157	0.48	1	1	0.881481481481482
ENSG00000147118	ZNF182	7.23	1	0	0.998518518518518
ENSG00000147124	ZNF41	1.99	0	0	0.165925925925926
ENSG00000147133	TAF1	6.05	0	0	0.277037037037037
ENSG00000147140	NONO	194.65	1	1	0.825185185185185
ENSG00000147180	ZNF711	10.26	1	0	0.900740740740741
ENSG00000147421	HMBOX1	7	1	1	0.931851851851852
ENSG00000147488	ST18	0.01	1	1	0.694814814814815
ENSG00000147548	NSD3	5.9	0	0	0.0666666666666667
ENSG00000147596	PRDM14	71.43	1	1	1
ENSG00000147601	TERF1	15.51	1	1	0.94962962962963
ENSG00000147649	MTDH	13.87	0	0	0.0192592592592593
ENSG00000147789	ZNF7	3.54	0	0	0.00296296296296296
ENSG00000147862	NFIB	0.95	0	0	0.21037037037037
ENSG00000148200	NR6A1	23.84	1	1	0.995555555555556
ENSG00000148300	REXO4	25.47	0	0	0.718518518518519
ENSG00000148337	CIZ1	23.46	0	0	0.0859259259259259
ENSG00000148513	ANKRD30A	0	0	1	0
ENSG00000148516	ZEB1	3.46	1	0	0.528888888888889
ENSG00000148572	NRBF2	21.75	1	0	0.98962962962963
ENSG00000148677	ANKRD1	0.17	1	1	0.404444444444444
ENSG00000148704	VAX1	0.09	1	1	0.798518518518519
ENSG00000148737	TCF7L2	17.15	0	0	0.900740740740741
ENSG00000148826	NKX6-2	4.11	1	1	0.997037037037037
ENSG00000148835	TAF5	6.77	0	0	0.782222222222222
ENSG00000148840	PPRC1	24.95	0	0	0.742222222222222
ENSG00000149050	ZNF214	1.15	1	0	0.857777777777778
ENSG00000149054	ZNF215	2.24	0	0	0.644444444444444
ENSG00000149136	SSRP1	95.55	0	0	0.127407407407407
ENSG00000149308	NPAT	2.78	0	0	0.082962962962963
ENSG00000149480	MTA2	61.14	0	0	0.564444444444444
ENSG00000149922	TBX6	4.35	1	1	0.985185185185185
ENSG00000149948	HMGA2	14.8	1	0	0.645925925925926
ENSG00000150051	MKX	0.13	1	1	0.604444444444444
ENSG00000150347	ARID5B	0.05	0	0	0.0148148148148148
ENSG00000150459	SAP18	124.87	1	1	0.980740740740741
ENSG00000150907	FOXO1	7.35	0	0	0.826666666666667
ENSG00000151014	NOCT	11.86	1	1	0.940740740740741
ENSG00000151090	THRB	0.07	0	0	0.297777777777778
ENSG00000151379	MSGN1	0	0	0	0
ENSG00000151612	ZNF827	8.02	1	1	0.893333333333333
ENSG00000151615	POU4F2	0.01	1	1	0.882962962962963
ENSG00000151623	NR3C2	0.13	1	1	0.422222222222222
ENSG00000151650	VENTX	57.6	1	1	1
ENSG00000151702	FLI1	2.19	1	1	0.685925925925926
ENSG00000152192	POU4F1	0.07	1	1	0.496296296296296
ENSG00000152284	TCF7L1	29.47	1	1	0.986666666666667
ENSG00000152382	TADA1	13.22	1	0	0.826666666666667
ENSG00000152409	JMY	3.92	0	0	0.731851851851852
ENSG00000152433	ZNF547	1.48	0	0	0.324444444444444
ENSG00000152439	ZNF773	0.85	0	0	0.125925925925926
ENSG00000152443	ZNF776	4.73	0	0	0.743703703703704
ENSG00000152454	ZNF256	6.06	1	0	0.939259259259259
ENSG00000152455	SUV39H2	7.34	0	0	0.419259259259259
ENSG00000152467	ZSCAN1	0.02	1	1	0.645925925925926
ENSG00000152475	ZNF837	3.68	1	1	0.991111111111111
ENSG00000152518	ZFP36L2	23	0	0	0.614814814814815
ENSG00000152784	PRDM8	0.04	0	0	0.266666666666667
ENSG00000152804	HHEX	0.51	0	0	0.22962962962963
ENSG00000152926	ZNF117	1.73	0	0	0.616296296296296
ENSG00000152944	MED21	9.74	0	0	0.0725925925925926
ENSG00000152977	ZIC1	3.48	1	1	0.93037037037037
ENSG00000153046	CDYL	19.33	1	1	0.946666666666667
ENSG00000153048	CARHSP1	85.68	1	1	0.994074074074074
ENSG00000153147	SMARCA5	40.74	1	1	0.908148148148148
ENSG00000153234	NR4A2	1.36	0	0	0.663703703703704
ENSG00000153266	FEZF2	0.04	1	0	0.977777777777778
ENSG00000153487	ING1	8.58	1	1	0.866666666666667
ENSG00000153560	UBP1	15.83	0	0	0.111111111111111
ENSG00000153779	TGIF2LX	0	0	0	0
ENSG00000153814	JAZF1	1.53	0	0	0.337777777777778
ENSG00000153879	CEBPG	16.94	0	0	0.505185185185185
ENSG00000153896	ZNF599	1.48	1	0	0.902222222222222
ENSG00000153922	CHD1	11.09	0	0	0.325925925925926
ENSG00000154227	CERS3	0.63	1	1	0.974814814814815
ENSG00000154342	WNT3A	0.07	1	1	0.805925925925926
ENSG00000154370	TRIM11	6.01	0	0	0.0192592592592593
ENSG00000154655	L3MBTL4	0.06	1	1	0.56
ENSG00000154727	GABPA	9.26	0	0	0.854814814814815
ENSG00000154832	CXXC1	31.1	1	1	0.86962962962963
ENSG00000154957	ZNF18	6.74	1	0	0.994074074074074
ENSG00000155090	KLF10	20.98	0	0	0.571851851851852
ENSG00000155229	MMS19	51.92	1	1	0.998518518518518
ENSG00000155545	MIER3	6.93	0	0	0.515555555555556
ENSG00000155592	ZKSCAN2	3.71	1	1	0.88
ENSG00000155827	RNF20	18.22	0	0	0.368888888888889
ENSG00000155846	PPARGC1B	2.18	0	0	0.675555555555556
ENSG00000155868	MED7	7.9	0	0	0.666666666666667
ENSG00000155966	AFF2	2.22	1	1	0.931851851851852
ENSG00000155974	GRIP1	1.68	1	0	0.752592592592593
ENSG00000156127	BATF	0	0	1	0
ENSG00000156150	ALX3	7.01	1	1	0.980740740740741
ENSG00000156256	USP16	9.98	0	0	0.0385185185185185
ENSG00000156273	BACH1	5.76	0	0	0.37037037037037
ENSG00000156374	PCGF6	13.86	1	1	1
ENSG00000156650	KAT6B	6.31	0	0	0.73037037037037
ENSG00000156853	ZNF689	6.75	0	0	0.751111111111111
ENSG00000156925	ZIC3	22.16	1	1	0.997037037037037
ENSG00000156983	BRPF1	8.18	0	0	0.471111111111111
ENSG00000157110	RBPMS	52.25	1	1	0.988148148148148
ENSG00000157216	SSBP3	46.61	1	1	0.994074074074074
ENSG00000157429	ZNF19	0.35	0	0	0.0681481481481482
ENSG00000157450	RNF111	5.17	0	0	0.0874074074074074
ENSG00000157514	TSC22D3	3.87	0	0	0.408888888888889
ENSG00000157554	ERG	0.15	1	1	0.8
ENSG00000157557	ETS2	10.23	0	0	0.352592592592593
ENSG00000157613	CREB3L1	5.7	1	0	0.688888888888889
ENSG00000157657	ZNF618	6.14	1	0	0.761481481481482
ENSG00000157933	SKI	30.13	1	1	0.962962962962963
ENSG00000158055	GRHL3	1.56	1	0	0.774814814814815
ENSG00000158161	EYA3	8.94	0	0	0.78962962962963
ENSG00000158691	ZSCAN12	2.48	0	0	0.774814814814815
ENSG00000158711	ELK4	4.89	0	0	0.336296296296296
ENSG00000158773	USF1	49.45	1	1	0.954074074074074
ENSG00000158805	ZNF276	16.19	1	1	0.925925925925926
ENSG00000158806	NPM2	0.39	1	1	0.554074074074074
ENSG00000159086	PAXBP1	15.41	1	1	0.847407407407407
ENSG00000159184	HOXB13	0.04	1	1	0.376296296296296
ENSG00000159216	RUNX1	0.14	0	0	0.0311111111111111
ENSG00000159259	CHAF1B	4.71	0	0	0.0148148148148148
ENSG00000159263	SIM2	0.14	0	0	0.202962962962963
ENSG00000159387	IRX6	0.35	1	1	0.845925925925926
ENSG00000159556	ISL2	0.14	0	0	0.198518518518519
ENSG00000159692	CTBP1	50.99	0	0	0.561481481481481
ENSG00000159882	ZNF230	0.81	0	0	0.325925925925926
ENSG00000159885	ZNF222	2.85	0	0	0.782222222222222
ENSG00000159905	ZNF221	0.5	0	0	0.408888888888889
ENSG00000159915	ZNF233	1.14	0	0	0.88
ENSG00000159917	ZNF235	1.88	1	0	0.857777777777778
ENSG00000160007	ARHGAP35	10.9	0	0	0.114074074074074
ENSG00000160062	ZBTB8A	4.06	1	1	0.985185185185185
ENSG00000160094	ZNF362	12.6	0	0	0.848888888888889
ENSG00000160113	NR2F6	119.53	1	1	0.995555555555556
ENSG00000160199	PKNOX1	4.64	0	0	0.512592592592593
ENSG00000160224	AIRE	2.81	1	1	0.997037037037037
ENSG00000160229	ZNF66	0.73	0	0	0.665185185185185
ENSG00000160310	PRMT2	14.8	0	0	0.871111111111111
ENSG00000160321	ZNF208	0.07	1	1	0.805925925925926
ENSG00000160352	ZNF714	3.77	1	0	0.788148148148148
ENSG00000160563	MED27	30.9	1	1	1
ENSG00000160633	SAFB	41.89	1	1	0.282962962962963
ENSG00000160685	ZBTB7B	12.66	0	0	0.586666666666667
ENSG00000160783	PMF1	63.24	1	1	0.942222222222222
ENSG00000160908	ZNF394	9.28	0	0	0.616296296296296
ENSG00000160949	TONSL	18.84	0	0	0.739259259259259
ENSG00000160961	ZNF333	3.09	1	1	0.865185185185185
ENSG00000160973	FOXH1	154.83	1	1	1
ENSG00000161021	MAML1	10.2	0	0	0.398518518518518
ENSG00000161277	THAP8	21.98	1	1	1
ENSG00000161298	ZNF382	1.41	1	0	0.734814814814815
ENSG00000161405	IKZF3	0.01	1	1	0.331851851851852
ENSG00000161547	SRSF2	199.27	1	1	0.995555555555556
ENSG00000161551	ZNF577	4.3	1	1	0.973333333333333
ENSG00000161914	ZNF653	6.76	1	1	0.98962962962963
ENSG00000161940	BCL6B	0.66	1	0	0.937777777777778
ENSG00000162086	ZNF75A	2.47	0	0	0.180740740740741
ENSG00000162227	TAF6L	19.58	1	1	0.98962962962963
ENSG00000162367	TAL1	0.13	1	1	0.884444444444444
ENSG00000162419	GMEB1	6.03	0	0	0.657777777777778
ENSG00000162521	RBBP4	38.55	1	0	0.826666666666667
ENSG00000162552	WNT4	0.2	1	1	0.660740740740741
ENSG00000162599	NFIA	0.19	0	0	0.124444444444444
ENSG00000162601	MYSM1	12.34	1	1	0.964444444444444
ENSG00000162613	FUBP1	49.51	0	0	0.365925925925926
ENSG00000162624	LHX8	0.07	1	1	0.798518518518519
ENSG00000162676	GFI1	0.08	0	0	0.213333333333333
ENSG00000162702	ZNF281	17.69	0	0	0.874074074074074
ENSG00000162714	ZNF496	20.19	1	1	0.902222222222222
ENSG00000162761	LMX1A	0	0	1	0
ENSG00000162772	ATF3	4.34	0	0	0.592592592592593
ENSG00000162924	REL	0.87	0	0	0.0577777777777778
ENSG00000162992	NEUROD1	0.01	1	1	0.801481481481481
ENSG00000163064	EN1	0.07	1	1	0.628148148148148
ENSG00000163104	SMARCAD1	15.5	0	0	0.81037037037037
ENSG00000163132	MSX1	0.77	0	0	0.315555555555556
ENSG00000163159	VPS72	25.35	0	0	0.0444444444444444
ENSG00000163161	ERCC3	18.16	0	0	0.174814814814815
ENSG00000163346	PBXIP1	27.71	1	1	0.845925925925926
ENSG00000163348	PYGO2	35.55	1	1	0.90962962962963
ENSG00000163349	HIPK1	9.77	0	0	0.382222222222222
ENSG00000163435	ELF3	2.1	1	0	0.437037037037037
ENSG00000163497	FEV	0.02	1	1	0.758518518518518
ENSG00000163508	EOMES	0.03	1	1	0.441481481481481
ENSG00000163517	HDAC11	5.14	0	0	0.706666666666667
ENSG00000163563	MNDA	0	0	1	0
ENSG00000163565	IFI16	133	1	0	0.943703703703704
ENSG00000163602	RYBP	11.12	0	0	0.545185185185185
ENSG00000163623	NKX6-1	0.02	1	1	0.325925925925926
ENSG00000163666	HESX1	2.4	1	1	0.983703703703704
ENSG00000163792	TCF23	0.01	1	1	0.617777777777778
ENSG00000163795	ZNF513	22.73	1	1	0.997037037037037
ENSG00000163848	ZNF148	2.57	0	0	0
ENSG00000163872	YEATS2	13.32	0	0	0.496296296296296
ENSG00000163877	SNIP1	5.07	0	0	0.0414814814814815
ENSG00000163884	KLF15	3.72	1	1	0.911111111111111
ENSG00000163909	HEYL	0.07	1	1	0.457777777777778
ENSG00000163935	SFMBT1	1.23	0	0	0.0281481481481481
ENSG00000163939	PBRM1	6.48	1	1	0.118518518518519
ENSG00000164011	ZNF691	14.61	1	1	0.997037037037037
ENSG00000164048	ZNF589	30.37	1	1	0.997037037037037
ENSG00000164093	PITX2	2.81	1	1	0.863703703703704
ENSG00000164104	HMGB2	328	1	1	0.885925925925926
ENSG00000164105	SAP30	18.17	0	0	0.758518518518518
ENSG00000164107	HAND2	1.95	1	1	0.902222222222222
ENSG00000164256	PRDM9	0.06	1	0	0.924444444444444
ENSG00000164299	SPZ1	0	0	1	0
ENSG00000164330	EBF1	0.45	1	1	0.681481481481481
ENSG00000164379	FOXQ1	0.01	1	1	0.272592592592593
ENSG00000164438	TLX3	0.1	1	1	0.795555555555556
ENSG00000164442	CITED2	39.35	0	0	0.743703703703704
ENSG00000164458	T	0.09	1	1	0.902222222222222
ENSG00000164509	IL31RA	0	0	1	0
ENSG00000164532	TBX20	0.25	1	1	0.653333333333333
ENSG00000164600	NEUROD6	0	0	0	0
ENSG00000164611	PTTG1	139.45	0	0	0.714074074074074
ENSG00000164631	ZNF12	8.11	0	0	0.691851851851852
ENSG00000164651	SP8	16.37	1	1	0.98962962962963
ENSG00000164683	HEY1	2.22	1	1	0.68
ENSG00000164736	SOX17	0.1	1	1	0.878518518518518
ENSG00000164749	HNF4G	0.26	1	1	0.521481481481481
ENSG00000164751	PEX2	8.77	0	0	0.628148148148148
ENSG00000164754	RAD21	48.25	1	0	0.042962962962963
ENSG00000164758	MED30	14.61	0	0	0.551111111111111
ENSG00000164778	EN2	0.2	1	1	0.568888888888889
ENSG00000164853	UNCX	0.01	1	1	0.86962962962963
ENSG00000164900	GBX1	0.39	1	1	0.967407407407407
ENSG00000164916	FOXK1	3.75	0	0	0.0503703703703704
ENSG00000164920	OSR2	0.11	0	0	0.0666666666666667
ENSG00000164985	PSIP1	57.32	1	0	0.817777777777778
ENSG00000165030	NFIL3	7.28	0	0	0.431111111111111
ENSG00000165066	NKX6-3	0.07	1	1	0.888888888888889
ENSG00000165097	KDM1B	4.77	0	0	0.112592592592593
ENSG00000165156	ZHX1	1.41	0	0	0.00296296296296296
ENSG00000165244	ZNF367	1.87	0	0	0.00740740740740741
ENSG00000165259	HDX	0.26	1	1	0.454814814814815
ENSG00000165417	GTF2A1	8.23	1	1	0.12
ENSG00000165462	PHOX2A	1.51	1	1	0.982222222222222
ENSG00000165495	PKNOX2	1.98	1	1	0.897777777777778
ENSG00000165512	ZNF22	23.42	1	0	0.765925925925926
ENSG00000165556	CDX2	0.09	1	1	0.653333333333333
ENSG00000165583	SSX5	0	0	1	0
ENSG00000165584	SSX3	0.04	1	1	0.874074074074074
ENSG00000165588	OTX2	2.2	1	1	0.980740740740741
ENSG00000165606	DRGX	0.01	1	1	0.632592592592593
ENSG00000165643	SOHLH1	0	0	1	0
ENSG00000165671	NSD1	15.26	1	0	0.819259259259259
ENSG00000165684	SNAPC4	19.13	1	1	0.977777777777778
ENSG00000165702	GFI1B	0.03	1	1	0.585185185185185
ENSG00000165804	ZNF219	32.69	1	1	0.986666666666667
ENSG00000165821	SALL2	48.23	1	1	0.997037037037037
ENSG00000165891	E2F7	2.65	0	0	0.124444444444444
ENSG00000165916	PSMC3	144.13	0	0	0.694814814814815
ENSG00000166012	TAF1D	26.41	0	0	0.408888888888889
ENSG00000166164	BRD7	19.95	0	0	0.762962962962963
ENSG00000166188	ZNF319	4.13	0	0	0.696296296296296
ENSG00000166200	COPS2	15.69	0	0	0.142222222222222
ENSG00000166211	SPIC	0.06	1	1	0.925925925925926
ENSG00000166228	PCBD1	36.81	0	0	0.459259259259259
ENSG00000166261	ZNF202	8.44	1	1	0.954074074074074
ENSG00000166268	MYRFL	0.06	1	1	0.494814814814815
ENSG00000166313	APBB1	17.21	1	0	0.871111111111111
ENSG00000166337	TAF10	67.54	0	0	0.838518518518519
ENSG00000166402	TUB	4.58	1	0	0.788148148148148
ENSG00000166407	LMO1	0.37	1	1	0.813333333333333
ENSG00000166478	ZNF143	9.87	0	0	0.912592592592593
ENSG00000166526	ZNF3	21.66	1	1	0.946666666666667
ENSG00000166529	ZSCAN21	21.86	1	1	1
ENSG00000166704	ZNF606	2.13	0	0	0.739259259259259
ENSG00000166823	MESP1	0.79	0	0	0.503703703703704
ENSG00000166860	ZBTB39	8.16	1	1	0.957037037037037
ENSG00000166886	NAB2	20.03	0	0	0.820740740740741
ENSG00000166888	STAT6	21.55	1	1	0.324444444444444
ENSG00000166913	YWHAB	41.02	0	0	0.00296296296296296
ENSG00000166925	TSC22D4	15.59	0	0	0.371851851851852
ENSG00000166949	SMAD3	8.8	0	0	0.282962962962963
ENSG00000167034	NKX3-1	0.38	0	0	0.242962962962963
ENSG00000167074	TEF	7.57	1	1	0.900740740740741
ENSG00000167081	PBX3	14.15	1	1	0.84
ENSG00000167157	PRRX2	30.71	1	1	0.988148148148148
ENSG00000167182	SP2	11.46	0	0	0.616296296296296
ENSG00000167193	CRK	33.92	0	0	0.8
ENSG00000167232	ZNF91	4.21	0	0	0.85037037037037
ENSG00000167286	CD3D	0.1	1	1	0.89037037037037
ENSG00000167377	ZNF23	3.2	0	0	0.321481481481481
ENSG00000167380	ZNF226	4.98	0	0	0.762962962962963
ENSG00000167384	ZNF180	1.89	0	0	0.0696296296296296
ENSG00000167394	ZNF668	7.27	1	1	0.967407407407407
ENSG00000167395	ZNF646	7.35	0	0	0.794074074074074
ENSG00000167491	GATAD2A	30.9	0	0	0.767407407407407
ENSG00000167528	ZNF641	1.3	0	0	0.134814814814815
ENSG00000167548	KMT2D	11.32	0	0	0.662222222222222
ENSG00000167554	ZNF610	1.81	1	0	0.820740740740741
ENSG00000167555	ZNF528	1.08	0	0	0.512592592592593
ENSG00000167562	ZNF701	1.81	0	0	0.668148148148148
ENSG00000167625	ZNF526	7.08	0	0	0.859259259259259
ENSG00000167635	ZNF146	61.21	1	1	0.924444444444444
ENSG00000167637	ZNF283	0.9	0	0	0.102222222222222
ENSG00000167685	ZNF444	18.52	1	0	0.841481481481481
ENSG00000167766	ZNF83	14.04	1	0	0.951111111111111
ENSG00000167771	RCOR2	85.74	1	1	0.998518518518518
ENSG00000167785	ZNF558	8.12	1	1	0.906666666666667
ENSG00000167800	TBX10	0.5	1	0	0.894814814814815
ENSG00000167840	ZNF232	13.03	1	1	0.906666666666667
ENSG00000167967	E4F1	28.45	1	1	0.994074074074074
ENSG00000167981	ZNF597	1.14	0	0	0.266666666666667
ENSG00000168036	CTNNB1	83.87	0	0	0.38962962962963
ENSG00000168062	BATF2	0.68	0	0	0.579259259259259
ENSG00000168066	SF1	64.05	0	0	0.395555555555556
ENSG00000168152	THAP9	6.79	1	1	0.998518518518518
ENSG00000168214	RBPJ	22.67	0	0	0.832592592592593
ENSG00000168267	PTF1A	0	0	0	0
ENSG00000168269	FOXI1	0	0	1	0
ENSG00000168283	BMI1	5.06	0	0	0.00444444444444444
ENSG00000168286	THAP11	46.31	1	1	0.992592592592593
ENSG00000168310	IRF2	5.32	1	0	0.0859259259259259
ENSG00000168348	INSM2	0	0	1	0
ENSG00000168395	ING5	9.43	1	1	0.92
ENSG00000168453	HR	0.03	0	0	0.148148148148148
ENSG00000168505	GBX2	16.22	1	1	0.988148148148148
ENSG00000168556	ING2	18.58	1	1	0.951111111111111
ENSG00000168610	STAT3	24.75	0	0	0.354074074074074
ENSG00000168661	ZNF30	6.26	1	1	0.988148148148148
ENSG00000168779	SHOX2	1.17	0	0	0.527407407407407
ENSG00000168813	ZNF507	4.14	0	0	0.214814814814815
ENSG00000168826	ZBTB49	4.22	1	1	0.988148148148148
ENSG00000168874	ATOH8	0.15	0	0	0.437037037037037
ENSG00000168875	SOX14	3.09	1	1	0.991111111111111
ENSG00000169016	E2F6	8.69	1	1	0.992592592592593
ENSG00000169057	MECP2	4.04	0	0	0.0903703703703704
ENSG00000169083	AR	0.73	1	1	0.758518518518518
ENSG00000169131	ZNF354A	10.39	1	1	0.936296296296296
ENSG00000169136	ATF5	11.87	0	0	0.0740740740740741
ENSG00000169155	ZBTB43	5	0	0	0.832592592592593
ENSG00000169252	ADRB2	0.43	0	0	0.442962962962963
ENSG00000169297	NR0B1	0.09	1	1	0.706666666666667
ENSG00000169375	SIN3A	12.67	0	0	0.308148148148148
ENSG00000169554	ZEB2	0.62	1	0	0.548148148148148
ENSG00000169594	BNC1	0.02	1	1	0.558518518518519
ENSG00000169635	HIC2	23.65	1	1	0.991111111111111
ENSG00000169714	CNBP	482.78	1	1	1
ENSG00000169740	ZNF32	21.6	0	0	0.89037037037037
ENSG00000169840	GSX1	0	0	0	0
ENSG00000169856	ONECUT1	0.2	1	1	0.724444444444444
ENSG00000169925	BRD3	33.5	1	1	0.988148148148148
ENSG00000169926	KLF13	15.27	0	0	0.605925925925926
ENSG00000169946	ZFPM2	0	0	1	0
ENSG00000169951	ZNF764	7.68	1	1	0.962962962962963
ENSG00000169953	HSFY2	0	0	1	0
ENSG00000169955	ZNF747	6.7	0	0	0.834074074074074
ENSG00000169957	ZNF768	37.29	1	1	0.961481481481481
ENSG00000169981	ZNF35	4.98	1	0	0.764444444444444
ENSG00000170004	CHD3	10.51	0	0	0.0740740740740741
ENSG00000170100	ZNF778	2.94	0	0	0.637037037037037
ENSG00000170122	FOXD4	0.02	0	0	0.272592592592593
ENSG00000170162	VGLL2	0	0	1	0
ENSG00000170166	HOXD4	0.06	1	1	0.444444444444444
ENSG00000170178	HOXD12	0	0	1	0
ENSG00000170260	ZNF212	11.72	1	1	0.94962962962963
ENSG00000170265	ZNF282	20.48	1	1	0.96
ENSG00000170322	NFRKB	23.48	1	1	0.983703703703704
ENSG00000170325	PRDM10	3.1	0	0	0.677037037037037
ENSG00000170345	FOS	160.34	1	1	0.985185185185185
ENSG00000170365	SMAD1	3.14	0	0	0.13037037037037
ENSG00000170370	EMX2	0	0	1	0
ENSG00000170374	SP7	0.13	1	1	0.965925925925926
ENSG00000170448	NFXL1	11.5	1	1	0.921481481481481
ENSG00000170485	NPAS2	0.35	0	0	0.235555555555556
ENSG00000170515	PA2G4	140.35	0	0	0.78962962962963
ENSG00000170549	IRX1	0.16	1	1	0.831111111111111
ENSG00000170561	IRX2	18.96	1	1	0.951111111111111
ENSG00000170577	SIX2	11.79	1	1	0.912592592592593
ENSG00000170581	STAT2	12.07	0	0	0.543703703703704
ENSG00000170608	FOXA3	11.47	1	1	0.94962962962963
ENSG00000170631	ZNF16	4.41	0	0	0.765925925925926
ENSG00000170653	ATF7	5.73	0	0	0.291851851851852
ENSG00000170684	ZNF296	60.83	1	1	1
ENSG00000170689	HOXB9	0.02	0	0	0.117037037037037
ENSG00000170802	FOXN2	2.94	0	0	0.0533333333333333
ENSG00000170949	ZNF160	12	1	1	0.983703703703704
ENSG00000170954	ZNF415	1.53	1	0	0.68
ENSG00000171056	SOX7	0.93	1	0	0.712592592592593
ENSG00000171105	INSR	3.25	0	0	0.585185185185185
ENSG00000171116	HSFX1	0.36	1	1	1
ENSG00000171148	TADA3	34.87	0	0	0.813333333333333
ENSG00000171161	ZNF672	20.21	1	0	0.874074074074074
ENSG00000171163	ZNF692	28.33	1	1	0.958518518518519
ENSG00000171222	SCAND1	62.72	0	0	0.988148148148148
ENSG00000171223	JUNB	18.43	0	0	0.311111111111111
ENSG00000171291	ZNF439	0.48	0	0	0.508148148148148
ENSG00000171295	ZNF440	2.59	0	0	0.514074074074074
ENSG00000171316	CHD7	19.18	1	1	0.939259259259259
ENSG00000171425	ZNF581	68.97	1	1	0.991111111111111
ENSG00000171443	ZNF524	6.03	0	0	0.619259259259259
ENSG00000171448	ZBTB26	3.8	0	0	0.607407407407407
ENSG00000171456	ASXL1	6.66	0	0	0.0162962962962963
ENSG00000171466	ZNF562	3.72	0	0	0.152592592592593
ENSG00000171469	ZNF561	9.13	1	0	0.891851851851852
ENSG00000171532	NEUROD2	0.01	1	1	0.644444444444444
ENSG00000171540	OTP	0.11	0	0	0.893333333333333
ENSG00000171566	PLRG1	17.28	0	0	0.265185185185185
ENSG00000171574	ZNF584	3.03	0	0	0.125925925925926
ENSG00000171606	ZNF274	5.7	0	0	0.271111111111111
ENSG00000171634	BPTF	19.29	1	1	0.903703703703704
ENSG00000171649	ZIK1	3.6	1	0	0.761481481481482
ENSG00000171681	ATF7IP	21.21	1	0	0.88
ENSG00000171703	TCEA2	21.38	1	1	0.964444444444444
ENSG00000171720	HDAC3	25.29	0	0	0.125925925925926
ENSG00000171735	CAMTA1	13.13	1	1	0.997037037037037
ENSG00000171786	NHLH1	0.71	1	1	0.962962962962963
ENSG00000171794	UTF1	334.62	1	1	1
ENSG00000171817	ZNF540	0.18	0	0	0.582222222222222
ENSG00000171827	ZNF570	1.53	0	0	0.608888888888889
ENSG00000171855	IFNB1	0	0	1	0
ENSG00000171872	KLF17	0.43	1	0	0.948148148148148
ENSG00000171940	ZNF217	27.49	1	0	0.773333333333333
ENSG00000171956	FOXB1	3.08	1	1	0.974814814814815
ENSG00000171970	ZNF57	5.79	1	1	0.945185185185185
ENSG00000172000	ZNF556	0.03	1	1	0.534814814814815
ENSG00000172006	ZNF554	1.55	0	0	0.804444444444444
ENSG00000172059	KLF11	15.7	1	0	0.977777777777778
ENSG00000172201	ID4	5.57	1	1	0.705185185185185
ENSG00000172216	CEBPB	10.56	0	0	0.327407407407407
ENSG00000172238	ATOH1	1.23	1	1	0.97037037037037
ENSG00000172262	ZNF131	6.56	0	0	0.00888888888888889
ENSG00000172273	HINFP	5.25	0	0	0.293333333333333
ENSG00000172292	CERS6	5.37	0	0	0.127407407407407
ENSG00000172346	CSDC2	1.31	1	1	0.915555555555556
ENSG00000172349	IL16	0.49	1	0	0.743703703703704
ENSG00000172352	CDY1B	0	0	0	0
ENSG00000172379	ARNT2	1.25	1	0	0.511111111111111
ENSG00000172466	ZNF24	10.7	0	0	0.237037037037037
ENSG00000172468	HSFY1	0.01	1	1	1
ENSG00000172493	AFF1	12	0	0	0.842962962962963
ENSG00000172530	BANP	2.42	0	0	0.0177777777777778
ENSG00000172534	HCFC1	31.1	0	0	0.644444444444444
ENSG00000172748	ZNF596	1.53	1	1	0.875555555555556
ENSG00000172789	HOXC5	0	0	0	0
ENSG00000172818	OVOL1	1.79	1	0	0.653333333333333
ENSG00000172819	RARG	4.1	0	0	0.262222222222222
ENSG00000172845	SP3	7.96	0	0	0.0118518518518519
ENSG00000172888	ZNF621	5.19	0	0	0.714074074074074
ENSG00000172943	PHF8	11.57	0	0	0.825185185185185
ENSG00000172977	KAT5	26.25	0	0	0.731851851851852
ENSG00000173011	TADA2B	7.37	0	0	0.582222222222222
ENSG00000173039	RELA	11.8	0	0	0.00444444444444444
ENSG00000173041	ZNF680	4.12	0	0	0.78962962962963
ENSG00000173068	BNC2	1.52	1	1	0.714074074074074
ENSG00000173120	KDM2A	15.23	0	0	0.174814814814815
ENSG00000173153	ESRRA	37.64	0	0	0.785185185185185
ENSG00000173253	DMRT2	0.97	1	1	0.86962962962963
ENSG00000173258	ZNF483	2.34	1	1	0.991111111111111
ENSG00000173275	ZNF449	3.89	1	1	0.982222222222222
ENSG00000173276	ZBTB21	2.66	0	0	0.136296296296296
ENSG00000173404	INSM1	3.56	1	1	0.917037037037037
ENSG00000173451	THAP2	3	1	1	0.97037037037037
ENSG00000173473	SMARCC1	46.57	0	0	0.594074074074074
ENSG00000173480	ZNF417	3.35	1	1	0.964444444444444
ENSG00000173575	CHD2	13.06	0	0	0.484444444444444
ENSG00000173611	SCAI	2.36	1	1	0.897777777777778
ENSG00000173673	HES3	90.36	1	1	1
ENSG00000173757	STAT5B	25.62	0	0	0.93037037037037
ENSG00000173801	JUP	49.96	1	0	0.527407407407407
ENSG00000173875	ZNF791	8.99	1	1	0.917037037037037
ENSG00000173894	CBX2	22.47	1	1	0.877037037037037
ENSG00000173917	HOXB2	36.46	1	1	0.925925925925926
ENSG00000173976	RAX2	0	0	1	0
ENSG00000174197	MGA	3.87	0	0	0.191111111111111
ENSG00000174255	ZNF80	0	0	1	0
ENSG00000174279	EVX2	0	0	1	0
ENSG00000174282	ZBTB4	7.18	0	0	0.314074074074074
ENSG00000174306	ZHX3	1.27	0	0	0.037037037037037
ENSG00000174332	GLIS1	0.24	1	1	0.801481481481481
ENSG00000174428	GTF2IRD2B	1.57	1	1	1
ENSG00000174429	ABRA	0.01	1	1	0.684444444444444
ENSG00000174576	NPAS4	1.05	1	1	0.995555555555556
ENSG00000174586	ZNF497	2.33	0	0	0.727407407407407
ENSG00000174652	ZNF266	9.11	0	0	0.76
ENSG00000174738	NR1D2	4.81	0	0	0.194074074074074
ENSG00000174796	THAP6	2.09	0	0	0.145185185185185
ENSG00000174963	ZIC4	0.56	1	1	0.874074074074074
ENSG00000175029	CTBP2	29.88	1	0	0.985185185185185
ENSG00000175104	TRAF6	3.34	0	0	0.877037037037037
ENSG00000175105	ZNF654	1.96	0	0	0.133333333333333
ENSG00000175197	DDIT3	17.93	0	0	0.539259259259259
ENSG00000175213	ZNF408	11.7	1	1	0.986666666666667
ENSG00000175221	MED16	41.88	1	1	0.98962962962963
ENSG00000175322	ZNF519	1.44	1	1	0.88
ENSG00000175325	PROP1	0.03	1	1	0.902222222222222
ENSG00000175329	ISX	0	0	1	0
ENSG00000175387	SMAD2	3.6	0	0	0.04
ENSG00000175395	ZNF25	1.5	0	0	0.539259259259259
ENSG00000175550	DRAP1	94.32	0	0	0.453333333333333
ENSG00000175592	FOSL1	34.27	1	0	0.533333333333333
ENSG00000175691	ZNF77	5.02	1	0	0.955555555555556
ENSG00000175727	MLXIP	13.18	0	0	0.837037037037037
ENSG00000175745	NR2F1	0.02	0	0	0.103703703703704
ENSG00000175787	ZNF169	1.1	0	0	0.665185185185185
ENSG00000175792	RUVBL1	39.84	0	0	0.0977777777777778
ENSG00000175832	ETV4	45.3	0	0	0.857777777777778
ENSG00000175879	HOXD8	0.05	1	1	0.402962962962963
ENSG00000176009	ASCL3	0	0	1	0
ENSG00000176024	ZNF613	3.22	0	0	0.868148148148148
ENSG00000176083	ZNF683	0	0	1	0
ENSG00000176160	HSF5	0	0	1	0
ENSG00000176165	FOXG1	0	0	1	0
ENSG00000176222	ZNF404	1.97	0	0	0.894814814814815
ENSG00000176256	HMGB4	0	0	0	0
ENSG00000176293	ZNF135	6.89	1	1	0.997037037037037
ENSG00000176302	FOXR1	0.08	0	0	0.918518518518519
ENSG00000176371	ZSCAN2	9.11	1	1	0.995555555555556
ENSG00000176396	EID2	30.81	1	1	0.986666666666667
ENSG00000176399	DMRTA1	1.1	1	1	0.694814814814815
ENSG00000176472	ZNF575	1.98	1	1	0.983703703703704
ENSG00000176542	USF3	2.54	0	0	0.631111111111111
ENSG00000176678	FOXL1	0.88	1	1	0.68
ENSG00000176679	TGIF2LY	0	0	0	0
ENSG00000176692	FOXC2	0.41	1	1	0.740740740740741
ENSG00000176788	BASP1	84.39	1	0	0.708148148148148
ENSG00000176842	IRX5	0.31	0	0	0.216296296296296
ENSG00000176887	SOX11	27.61	1	1	0.980740740740741
ENSG00000176946	THAP4	53.2	1	1	0.988148148148148
ENSG00000177030	DEAF1	31.59	1	1	0.97037037037037
ENSG00000177045	SIX5	24.89	1	1	0.994074074074074
ENSG00000177125	ZBTB34	4.28	1	1	0.857777777777778
ENSG00000177200	CHD9	4	0	0	0.268148148148148
ENSG00000177311	ZBTB38	1.41	0	0	0.0592592592592593
ENSG00000177374	HIC1	5.76	1	1	0.967407407407407
ENSG00000177425	PAWR	11.26	1	1	0.185185185185185
ENSG00000177426	TGIF1	12.28	0	0	0.397037037037037
ENSG00000177463	NR2C2	14.43	1	0	0.931851851851852
ENSG00000177468	OLIG3	13.1	1	1	0.998518518518518
ENSG00000177469	PTRF	26.92	1	0	0.422222222222222
ENSG00000177494	ZBED2	0.05	1	1	0.500740740740741
ENSG00000177508	IRX3	3.16	1	1	0.53037037037037
ENSG00000177551	NHLH2	1.33	1	1	0.968888888888889
ENSG00000177565	TBL1XR1	8.48	0	0	0.0148148148148148
ENSG00000177599	ZNF491	0.55	0	0	0.795555555555556
ENSG00000177606	JUN	31.47	0	0	0.647407407407407
ENSG00000177683	THAP5	3.06	0	0	0.0222222222222222
ENSG00000177732	SOX12	48.33	1	1	0.997037037037037
ENSG00000177842	ZNF620	4.09	0	0	0.871111111111111
ENSG00000177873	ZNF619	1.49	0	0	0.518518518518518
ENSG00000177888	ZBTB41	1.01	0	0	0.0103703703703704
ENSG00000177932	ZNF354C	3.19	1	1	0.776296296296296
ENSG00000178028	DMAP1	21.55	1	0	0.885925925925926
ENSG00000178150	ZNF114	6.13	1	0	0.900740740740741
ENSG00000178175	ZNF366	0	0	1	0
ENSG00000178177	LCORL	4.69	0	0	0.714074074074074
ENSG00000178187	ZNF454	1.94	1	1	0.977777777777778
ENSG00000178229	ZNF543	1.19	0	0	0.299259259259259
ENSG00000178338	ZNF354B	4.7	1	1	0.917037037037037
ENSG00000178386	ZNF223	2.18	0	0	0.687407407407407
ENSG00000178403	NEUROG2	0.03	1	1	0.542222222222222
ENSG00000178568	ERBB4	0.01	1	1	0.432592592592593
ENSG00000178573	MAF	0.37	1	1	0.712592592592593
ENSG00000178665	ZNF713	0.63	0	0	0.299259259259259
ENSG00000178691	SUZ12	7.86	0	0	0.0177777777777778
ENSG00000178764	ZHX2	4.68	0	0	0.517037037037037
ENSG00000178860	MSC	3.24	1	1	0.737777777777778
ENSG00000178913	TAF7	78.23	0	0	0.780740740740741
ENSG00000178917	ZNF852	0.9	0	0	0.173333333333333
ENSG00000178919	FOXE1	0.04	1	1	0.602962962962963
ENSG00000178928	TPRX1	8.46	1	1	1
ENSG00000178935	ZNF552	4.09	0	0	0.791111111111111
ENSG00000178951	ZBTB7A	8.74	0	0	0.416296296296296
ENSG00000179059	ZFP42	7.26	1	1	0.980740740740741
ENSG00000179111	HES7	0.38	1	1	0.632592592592593
ENSG00000179195	ZNF664	15.18	1	1	0.0222222222222222
ENSG00000179218	CALR	596.88	0	0	0.478518518518519
ENSG00000179222	MAGED1	66.64	0	0	0.660740740740741
ENSG00000179348	GATA2	1.63	0	0	0.339259259259259
ENSG00000179361	ARID3B	32.78	1	1	1
ENSG00000179388	EGR3	0.44	1	1	0.765925925925926
ENSG00000179456	ZBTB18	11.02	0	0	0.78962962962963
ENSG00000179528	LBX2	1.05	0	0	0.343703703703704
ENSG00000179583	CIITA	2.79	1	1	0.837037037037037
ENSG00000179588	ZFPM1	6.08	1	1	0.940740740740741
ENSG00000179627	ZBTB42	2.85	0	0	0.637037037037037
ENSG00000179772	FOXS1	0.06	1	1	0.768888888888889
ENSG00000179774	ATOH7	0.61	1	1	0.982222222222222
ENSG00000179833	SERTAD2	6.54	0	0	0.152592592592593
ENSG00000179862	CITED4	21.96	1	1	0.915555555555556
ENSG00000179909	ZNF154	6.2	1	1	0.997037037037037
ENSG00000179922	ZNF784	11.07	1	1	0.997037037037037
ENSG00000179930	ZNF648	0.15	1	1	0.934814814814815
ENSG00000179943	FIZ1	5.82	0	0	0.685925925925926
ENSG00000179950	PUF60	89.24	0	0	0.511111111111111
ENSG00000179965	ZNF771	4.37	0	0	0.84
ENSG00000179981	TSHZ1	1.84	0	0	0.151111111111111
ENSG00000180035	ZNF48	17.18	1	1	0.997037037037037
ENSG00000180053	NKX2-6	0	0	1	0
ENSG00000180182	MED14	14.38	0	0	0.614814814814815
ENSG00000180257	ZNF816	3.36	0	0	0.666666666666667
ENSG00000180318	ALX1	6.13	1	1	0.912592592592593
ENSG00000180479	ZNF571	1.5	1	0	0.771851851851852
ENSG00000180530	NRIP1	2.84	0	0	0.192592592592593
ENSG00000180532	ZSCAN4	2.74	1	1	1
ENSG00000180535	BHLHA15	0.49	1	1	0.448888888888889
ENSG00000180613	GSX2	0.02	1	1	0.841481481481481
ENSG00000180626	ZNF594	2.78	0	0	0.860740740740741
ENSG00000180628	PCGF5	1.61	0	0	0.0488888888888889
ENSG00000180787	ZFP3	0.33	0	0	0.444444444444444
ENSG00000180806	HOXC9	0	0	0	0
ENSG00000180818	HOXC10	0	0	0	0
ENSG00000180828	BHLHE22	0.06	1	1	0.853333333333333
ENSG00000180855	ZNF443	2.48	0	0	0.791111111111111
ENSG00000180884	ZNF792	2.54	1	1	0.885925925925926
ENSG00000180938	ZNF572	1.26	0	0	0.771851851851852
ENSG00000181007	ZFP82	3.45	1	0	0.761481481481482
ENSG00000181090	EHMT1	11.66	0	0	0.272592592592593
ENSG00000181135	ZNF707	3	0	0	0.0577777777777778
ENSG00000181163	NPM1	507.86	1	1	0.942222222222222
ENSG00000181220	ZNF746	5.76	0	0	0.299259259259259
ENSG00000181222	POLR2A	67.27	0	0	0.69037037037037
ENSG00000181315	ZNF322	4.57	1	1	1
ENSG00000181444	ZNF467	20.06	1	1	0.973333333333333
ENSG00000181449	SOX2	213.18	1	1	0.998518518518518
ENSG00000181450	ZNF678	3.31	1	1	0.906666666666667
ENSG00000181472	ZBTB2	8.77	0	0	0.287407407407407
ENSG00000181555	SETD2	13.71	0	0	0.607407407407407
ENSG00000181638	ZFP41	3.65	0	0	0.52
ENSG00000181666	HKR1	20.21	0	0	0.980740740740741
ENSG00000181690	PLAG1	5.76	1	1	0.974814814814815
ENSG00000181722	ZBTB20	0.15	0	0	0.293333333333333
ENSG00000181788	SIAH2	2.96	0	0	0.00296296296296296
ENSG00000181827	RFX7	10.21	0	0	0.805925925925926
ENSG00000181894	ZNF329	4.2	1	0	0.765925925925926
ENSG00000181896	ZNF101	4.21	0	0	0.419259259259259
ENSG00000181965	NEUROG1	0.69	1	1	0.98962962962963
ENSG00000182111	ZNF716	0	0	1	0
ENSG00000182141	ZNF708	4.22	1	1	0.88
ENSG00000182158	CREB3L2	7.3	0	0	0.231111111111111
ENSG00000182318	ZSCAN22	1.83	0	0	0.573333333333333
ENSG00000182463	TSHZ2	0.17	1	1	0.752592592592593
ENSG00000182568	SATB1	1.02	0	0	0.448888888888889
ENSG00000182606	TRAK1	13.81	1	1	0.871111111111111
ENSG00000182742	HOXB4	1.73	1	0	0.459259259259259
ENSG00000182759	MAFA	2.06	1	1	0.961481481481481
ENSG00000182903	ZNF721	12.29	1	1	0.980740740740741
ENSG00000182944	EWSR1	97.35	0	0	0.638518518518518
ENSG00000182968	SOX1	2.07	1	1	0.971851851851852
ENSG00000182979	MTA1	56.76	1	1	0.902222222222222
ENSG00000182983	ZNF662	0.06	1	1	0.703703703703704
ENSG00000182986	ZNF320	9.2	1	0	0.954074074074074
ENSG00000183072	NKX2-5	8.53	1	1	0.940740740740741
ENSG00000183207	RUVBL2	138.97	0	0	0.728888888888889
ENSG00000183309	ZNF623	7.97	0	0	0.585185185185185
ENSG00000183337	BCOR	14.06	0	0	0.748148148148148
ENSG00000183434	TFDP3	0	0	1	0
ENSG00000183495	EP400	12.38	0	0	0.742222222222222
ENSG00000183576	SETD3	17.14	0	0	0.28
ENSG00000183647	ZNF530	0.9	0	0	0.142222222222222
ENSG00000183733	FIGLA	0.05	1	1	0.957037037037037
ENSG00000183734	ASCL2	0.65	1	1	0.798518518518519
ENSG00000183741	CBX6	8.04	0	0	0.114074074074074
ENSG00000183770	FOXL2	0.76	1	1	0.761481481481482
ENSG00000183850	ZNF730	2.98	1	1	0.97037037037037
ENSG00000183955	KMT5A	10.5	1	1	0.986666666666667
ENSG00000184058	TBX1	3.05	1	1	0.845925925925926
ENSG00000184221	OLIG1	0.29	1	1	0.838518518518519
ENSG00000184271	POU6F1	5.11	1	1	0.997037037037037
ENSG00000184302	SIX6	0	0	1	0
ENSG00000184384	MAML2	1.95	0	0	0.367407407407407
ENSG00000184436	THAP7	14.82	0	0	0.564444444444444
ENSG00000184481	FOXO4	8.9	1	1	0.952592592592593
ENSG00000184486	POU3F2	0.04	1	1	0.542222222222222
ENSG00000184492	FOXD4L1	0.13	1	1	0.992592592592593
ENSG00000184517	ZFP1	3.43	0	0	0.367407407407407
ENSG00000184634	MED12	18.07	1	1	0.927407407407407
ENSG00000184635	ZNF93	7.11	1	0	0.918518518518519
ENSG00000184659	FOXD4L4	0.03	1	1	1
ENSG00000184677	ZBTB40	8.06	0	0	0.874074074074074
ENSG00000184828	ZBTB7C	0.05	1	1	0.462222222222222
ENSG00000184895	SRY	13.06	1	1	1
ENSG00000184937	WT1	0.01	1	1	0.336296296296296
ENSG00000184939	ZFP90	6.49	0	0	0.694814814814815
ENSG00000185002	RFX6	0	0	1	0
ENSG00000185022	MAFF	2.18	0	0	0.17037037037037
ENSG00000185122	HSF1	48.29	0	0	0.557037037037037
ENSG00000185129	PURA	1.08	0	0	0
ENSG00000185155	MIXL1	0.91	1	1	0.951111111111111
ENSG00000185177	ZNF479	0	0	0	0
ENSG00000185219	ZNF445	3.99	0	0	0.644444444444444
ENSG00000185252	ZNF74	18.61	1	0	0.982222222222222
ENSG00000185278	ZBTB37	2.15	0	0	0.805925925925926
ENSG00000185404	SP140L	4.72	1	0	0.305185185185185
ENSG00000185507	IRF7	9.87	0	0	0.856296296296296
ENSG00000185513	L3MBTL1	5.54	1	1	0.983703703703704
ENSG00000185551	NR2F2	0.02	0	0	0.0874074074074074
ENSG00000185591	SP1	14.34	0	0	0.245925925925926
ENSG00000185610	DBX2	0.02	1	1	0.917037037037037
ENSG00000185619	PCGF3	25.96	1	1	0.982222222222222
ENSG00000185630	PBX1	7.9	1	0	0.663703703703704
ENSG00000185650	ZFP36L1	43.13	0	0	0.574814814814815
ENSG00000185651	UBE2L3	46.18	1	1	0.951111111111111
ENSG00000185658	BRWD1	4.78	0	0	0.748148148148148
ENSG00000185668	POU3F1	2.66	1	1	0.955555555555556
ENSG00000185669	SNAI3	3.98	1	1	0.974814814814815
ENSG00000185670	ZBTB3	6.84	1	1	1
ENSG00000185697	MYBL1	0.92	0	0	0.12
ENSG00000185730	ZNF696	5.98	1	1	0.943703703703704
ENSG00000185811	IKZF1	0.04	1	1	0.687407407407407
ENSG00000185869	ZNF829	1.22	1	0	0.608888888888889
ENSG00000185947	ZNF267	3.2	0	0	0.134814814814815
ENSG00000185960	SHOX	0.25	1	1	0.998518518518518
ENSG00000186017	ZNF566	2.86	1	0	0.835555555555556
ENSG00000186020	ZNF529	3.38	1	1	0.899259259259259
ENSG00000186026	ZNF284	1.26	0	0	0.525925925925926
ENSG00000186051	TAL2	0.33	0	0	0.841481481481481
ENSG00000186103	ARGFX	6.85	1	1	1
ENSG00000186130	ZBTB6	3.39	0	0	0.194074074074074
ENSG00000186141	POLR3C	11.03	0	0	0.0222222222222222
ENSG00000186174	BCL9L	13.15	0	0	0.411851851851852
ENSG00000186230	ZNF749	5.87	1	1	0.958518518518519
ENSG00000186260	MKL2	2.27	0	0	0.0696296296296296
ENSG00000186272	ZNF17	1.29	0	0	0.0903703703703704
ENSG00000186300	ZNF555	1.73	1	0	0.979259259259259
ENSG00000186350	RXRA	4.99	1	0	0.186666666666667
ENSG00000186376	ZNF75D	5.67	1	1	0.958518518518519
ENSG00000186416	NKRF	9.23	0	0	0.682962962962963
ENSG00000186446	ZNF501	1.68	1	0	0.853333333333333
ENSG00000186448	ZNF197	4.98	0	0	0.896296296296296
ENSG00000186487	MYT1L	0	0	1	0
ENSG00000186496	ZNF396	0.42	0	0	0.678518518518519
ENSG00000186564	FOXD2	0.02	0	0	0.00888888888888889
ENSG00000186660	ZFP91	14.27	0	0	0.0207407407407407
ENSG00000186766	FOXI2	0.05	1	1	0.977777777777778
ENSG00000186777	ZNF732	1.78	1	0	0.90962962962963
ENSG00000186790	FOXE3	0.02	0	0	0.497777777777778
ENSG00000186812	ZNF397	11.32	1	1	0.968888888888889
ENSG00000186814	ZSCAN30	4.77	1	0	0.857777777777778
ENSG00000186951	PPARA	0.51	0	0	0.0607407407407407
ENSG00000187079	TEAD1	5.23	1	1	0.158518518518519
ENSG00000187098	MITF	0.07	1	1	0.105185185185185
ENSG00000187140	FOXD3	1.07	1	1	0.85037037037037
ENSG00000187187	ZNF546	1.07	1	1	0.897777777777778
ENSG00000187323	DCC	0.02	1	1	0.764444444444444
ENSG00000187325	TAF9B	17.34	0	0	0.684444444444444
ENSG00000187531	SIRT7	6.68	0	0	0.0740740740740741
ENSG00000187559	FOXD4L3	0.01	1	1	0.995555555555556
ENSG00000187607	ZNF286A	11.13	1	1	0.998518518518518
ENSG00000187626	ZKSCAN4	4.84	1	0	0.940740740740741
ENSG00000187735	TCEA1	65.94	1	1	1
ENSG00000187754	SSX7	0	0	1	0
ENSG00000187772	LIN28B	23.35	1	1	0.979259259259259
ENSG00000187792	ZNF70	1.48	0	0	0.597037037037037
ENSG00000187801	ZFP69B	3.73	0	0	0.758518518518518
ENSG00000187815	ZFP69	3.53	0	0	0.751111111111111
ENSG00000187821	HELT	0.03	1	1	0.820740740740741
ENSG00000187855	ASCL4	0	0	1	0
ENSG00000187987	ZSCAN23	0.66	1	1	0.795555555555556
ENSG00000188033	ZNF490	2.08	1	1	0.918518518518519
ENSG00000188095	MESP2	0.05	0	0	0.302222222222222
ENSG00000188171	ZNF626	2.91	1	0	0.948148148148148
ENSG00000188227	ZNF793	1.7	1	0	0.844444444444444
ENSG00000188283	ZNF383	0.91	0	0	0.0474074074074074
ENSG00000188290	HES4	7.52	0	0	0.685925925925926
ENSG00000188295	ZNF669	4.11	0	0	0.656296296296296
ENSG00000188321	ZNF559	4.83	0	0	0.848888888888889
ENSG00000188620	HMX3	0	0	1	0
ENSG00000188629	ZNF177	3.42	1	1	0.97037037037037
ENSG00000188779	SKOR1	0.28	0	0	0.866666666666667
ENSG00000188785	ZNF548	1.87	0	0	0.300740740740741
ENSG00000188786	MTF1	2.17	0	0	0.0607407407407407
ENSG00000188816	HMX2	0.35	1	1	0.823703703703704
ENSG00000188868	ZNF563	1.67	1	0	0.940740740740741
ENSG00000188909	BSX	0.03	0	0	0.0740740740740741
ENSG00000188976	NOC2L	66.59	0	0	0.518518518518518
ENSG00000188986	NELFB	86.7	1	1	0.994074074074074
ENSG00000188994	ZNF292	3.55	0	0	0.285925925925926
ENSG00000189042	ZNF567	2.95	0	0	0.499259259259259
ENSG00000189067	LITAF	26.58	0	0	0.376296296296296
ENSG00000189079	ARID2	5.71	0	0	0.471111111111111
ENSG00000189120	SP6	0.4	0	0	0.432592592592593
ENSG00000189144	ZNF573	0.82	0	0	0.54962962962963
ENSG00000189164	ZNF527	0.94	0	0	0.484444444444444
ENSG00000189180	ZNF33A	10.07	1	1	0.928888888888889
ENSG00000189190	ZNF600	10.4	1	1	0.986666666666667
ENSG00000189266	PNRC2	111.83	1	1	1
ENSG00000189298	ZKSCAN3	2.87	1	0	0.933333333333333
ENSG00000189299	FOXR2	0	0	1	0
ENSG00000189308	LIN54	2.71	0	0	0.0725925925925926
ENSG00000189403	HMGB1	51.89	1	1	0.93037037037037
ENSG00000189420	ZFP92	0.12	1	1	0.614814814814815
ENSG00000196081	ZNF724	2.66	0	0	0.580740740740741
ENSG00000196092	PAX5	0.04	1	1	0.657777777777778
ENSG00000196109	ZNF676	0.02	1	1	0.727407407407407
ENSG00000196110	ZNF699	0.36	0	0	0.103703703703704
ENSG00000196132	MYT1	0.96	1	1	0.868148148148148
ENSG00000196150	ZNF250	1.96	0	0	0.742222222222222
ENSG00000196152	ZNF79	3.71	0	0	0.604444444444444
ENSG00000196172	ZNF681	3.52	1	0	0.942222222222222
ENSG00000196214	ZNF766	6.33	0	0	0.564444444444444
ENSG00000196233	LCOR	4.42	0	0	0.739259259259259
ENSG00000196235	SUPT5H	41.33	1	1	0.174814814814815
ENSG00000196247	ZNF107	2.84	0	0	0.422222222222222
ENSG00000196263	ZNF471	0.03	1	1	0.503703703703704
ENSG00000196267	ZNF836	0.87	0	0	0.343703703703704
ENSG00000196268	ZNF493	1.49	1	0	0.811851851851852
ENSG00000196275	GTF2IRD2	1.07	1	1	1
ENSG00000196284	SUPT3H	9.71	1	1	0.962962962962963
ENSG00000196323	ZBTB44	6.19	0	0	0.579259259259259
ENSG00000196345	ZKSCAN7	1.43	1	0	0.918518518518519
ENSG00000196350	ZNF729	0	0	1	0
ENSG00000196357	ZNF565	2.28	0	0	0.795555555555556
ENSG00000196363	WDR5	39.6	1	1	0.8
ENSG00000196367	TRRAP	13.75	0	0	0.496296296296296
ENSG00000196378	ZNF34	11.22	1	1	0.997037037037037
ENSG00000196381	ZNF781	1.33	1	1	0.958518518518519
ENSG00000196387	ZNF140	5.15	1	1	0.927407407407407
ENSG00000196391	ZNF774	0.29	0	0	0.0874074074074074
ENSG00000196417	ZNF765	2	0	0	0.179259259259259
ENSG00000196418	ZNF124	1.71	0	0	0.456296296296296
ENSG00000196419	XRCC6	155.46	0	0	0.128888888888889
ENSG00000196428	TSC22D2	4.99	0	0	0.0814814814814815
ENSG00000196437	ZNF569	4.08	1	0	0.860740740740741
ENSG00000196453	ZNF777	12.83	0	0	0.90962962962963
ENSG00000196456	ZNF775	12.23	1	1	0.992592592592593
ENSG00000196458	ZNF605	2.53	1	1	0.997037037037037
ENSG00000196460	RFX8	0.13	1	1	0.757037037037037
ENSG00000196466	ZNF799	0.69	0	0	0.171851851851852
ENSG00000196482	ESRRG	0.27	1	1	0.794074074074074
ENSG00000196498	NCOR2	24.37	0	0	0.4
ENSG00000196531	NACA	210.74	0	0	0.768888888888889
ENSG00000196588	MKL1	13.14	0	0	0.699259259259259
ENSG00000196591	HDAC2	36.9	0	0	0.774814814814815
ENSG00000196597	ZNF782	1.2	0	0	0.525925925925926
ENSG00000196605	ZNF846	1.29	0	0	0.76
ENSG00000196628	TCF4	3.27	1	0	0.666666666666667
ENSG00000196646	ZNF136	1.54	0	0	0.272592592592593
ENSG00000196652	ZKSCAN5	8.86	0	0	0.826666666666667
ENSG00000196653	ZNF502	5.01	1	1	0.994074074074074
ENSG00000196670	ZFP62	9.05	0	0	0.797037037037037
ENSG00000196693	ZNF33B	4	0	0	0.583703703703704
ENSG00000196700	ZNF512B	17.35	1	1	0.764444444444444
ENSG00000196705	ZNF431	3.11	0	0	0.608888888888889
ENSG00000196724	ZNF418	3.42	1	0	0.971851851851852
ENSG00000196757	ZNF700	6.84	0	0	0.834074074074074
ENSG00000196767	POU3F4	0	0	1	0
ENSG00000196781	TLE1	24.48	1	0	0.96
ENSG00000196782	MAML3	2.38	0	0	0.724444444444444
ENSG00000196793	ZNF239	3.8	0	0	0.688888888888889
ENSG00000196812	ZSCAN16	5.57	0	0	0.727407407407407
ENSG00000196843	ARID5A	5.27	0	0	0.715555555555556
ENSG00000196867	ZFP28	0.21	1	1	0.416296296296296
ENSG00000196924	FLNA	179.12	0	0	0.500740740740741
ENSG00000196946	ZNF705A	0.23	1	1	1
ENSG00000196967	ZNF585A	2.4	0	0	0.794074074074074
ENSG00000197008	ZNF138	14.02	1	1	0.980740740740741
ENSG00000197013	ZNF429	1.3	0	0	0.503703703703704
ENSG00000197016	ZNF470	0.48	1	1	0.422222222222222
ENSG00000197020	ZNF100	2.97	0	0	0.657777777777778
ENSG00000197024	ZNF398	12.8	1	1	0.997037037037037
ENSG00000197037	ZSCAN25	5.13	0	0	0.426666666666667
ENSG00000197044	ZNF441	1.45	0	0	0.576296296296296
ENSG00000197050	ZNF420	2.56	0	0	0.585185185185185
ENSG00000197054	ZNF763	0.49	0	0	0.595555555555556
ENSG00000197063	MAFG	20.54	0	0	0.783703703703704
ENSG00000197123	ZNF679	0.17	1	1	0.958518518518519
ENSG00000197124	ZNF682	7.28	1	1	1
ENSG00000197128	ZNF772	1.46	0	0	0.385185185185185
ENSG00000197134	ZNF257	0.03	1	1	0.478518518518519
ENSG00000197157	SND1	75.24	0	0	0.226666666666667
ENSG00000197162	ZNF785	4.63	1	1	0.940740740740741
ENSG00000197213	ZSCAN5B	0.04	0	0	0.173333333333333
ENSG00000197223	C1D	5.3	0	0	0.838518518518519
ENSG00000197279	ZNF165	3.89	0	0	0.755555555555556
ENSG00000197299	BLM	5.15	0	0	0.257777777777778
ENSG00000197302	ZNF720	2.65	0	0	0.463703703703704
ENSG00000197323	TRIM33	12.84	0	0	0.795555555555556
ENSG00000197343	ZNF655	6.95	1	1	0.287407407407407
ENSG00000197360	ZNF98	0.03	1	1	0.757037037037037
ENSG00000197362	ZNF786	6.69	1	1	0.977777777777778
ENSG00000197363	ZNF517	8.95	1	1	0.986666666666667
ENSG00000197372	ZNF675	5.6	0	0	0.697777777777778
ENSG00000197385	ZNF860	0.16	0	0	0.263703703703704
ENSG00000197472	ZNF695	7.08	1	0	0.985185185185185
ENSG00000197483	ZNF628	7.28	1	1	0.998518518518518
ENSG00000197497	ZNF665	0.28	0	0	0.493333333333333
ENSG00000197566	ZNF624	1.21	0	0	0.74962962962963
ENSG00000197576	HOXA4	0	0	0	0
ENSG00000197579	TOPORS	13.66	0	0	0.885925925925926
ENSG00000197587	DMBX1	0.03	1	1	0.285925925925926
ENSG00000197608	ZNF841	4.78	0	0	0.758518518518518
ENSG00000197619	ZNF615	2.49	0	0	0.776296296296296
ENSG00000197647	ZNF433	2.43	0	0	0.882962962962963
ENSG00000197714	ZNF460	0.53	0	0	0.188148148148148
ENSG00000197724	PHF2	7.53	0	0	0.328888888888889
ENSG00000197757	HOXC6	0	0	0	0
ENSG00000197779	ZNF81	1.28	0	0	0.644444444444444
ENSG00000197782	ZNF780A	2.5	0	0	0.543703703703704
ENSG00000197808	ZNF461	1.4	0	0	0.602962962962963
ENSG00000197841	ZNF181	2.59	0	0	0.591111111111111
ENSG00000197857	ZNF44	2.2	0	0	0.487407407407407
ENSG00000197863	ZNF790	1.36	0	0	0.540740740740741
ENSG00000197905	TEAD4	50.36	1	0	0.985185185185185
ENSG00000197921	HES5	1.8	1	1	0.980740740740741
ENSG00000197928	ZNF677	2.03	1	1	0.939259259259259
ENSG00000197933	ZNF823	3.88	0	0	0.837037037037037
ENSG00000197935	ZNF311	2.07	1	0	0.888888888888889
ENSG00000197937	ZNF347	0.84	0	0	0.398518518518518
ENSG00000197951	ZNF71	2.6	0	0	0.462222222222222
ENSG00000197961	ZNF121	31.9	1	1	1
ENSG00000198026	ZNF335	11.44	0	0	0.835555555555556
ENSG00000198028	ZNF560	1.39	1	1	0.911111111111111
ENSG00000198039	ZNF273	2.57	0	0	0.73037037037037
ENSG00000198040	ZNF84	6.72	1	1	1
ENSG00000198046	ZNF667	0.16	1	1	0.634074074074074
ENSG00000198081	ZBTB14	5.64	0	0	0.737777777777778
ENSG00000198093	ZNF649	9.53	1	0	0.971851851851852
ENSG00000198105	ZNF248	4.65	1	1	0.922962962962963
ENSG00000198131	ZNF544	8.18	0	0	0.376296296296296
ENSG00000198146	ZNF770	24.42	1	1	0.945185185185185
ENSG00000198160	MIER1	5.32	0	0	0.125925925925926
ENSG00000198169	ZNF251	10.57	1	1	0.928888888888889
ENSG00000198176	TFDP1	26.19	0	0	0.0340740740740741
ENSG00000198182	ZNF607	15.41	1	1	0.992592592592593
ENSG00000198185	ZNF334	7.75	1	1	0.980740740740741
ENSG00000198205	ZXDA	2.6	1	1	0.988148148148148
ENSG00000198298	ZNF485	3.13	0	0	0.786666666666667
ENSG00000198300	PEG3	0	0	1	0
ENSG00000198315	ZKSCAN8	9.94	0	0	0.845925925925926
ENSG00000198342	ZNF442	0.6	0	0	0.743703703703704
ENSG00000198346	ZNF813	4.17	1	0	0.951111111111111
ENSG00000198353	HOXC4	0.01	0	0	0.0740740740740741
ENSG00000198393	ZNF26	0.94	1	1	0.998518518518518
ENSG00000198429	ZNF69	1.54	0	0	0.605925925925926
ENSG00000198440	ZNF583	0.38	0	0	0.282962962962963
ENSG00000198453	ZNF568	1.05	0	0	0.665185185185185
ENSG00000198455	ZXDB	12.58	1	1	0.994074074074074
ENSG00000198464	ZNF480	6.5	1	0	0.653333333333333
ENSG00000198466	ZNF587	8.22	1	1	0.961481481481481
ENSG00000198482	ZNF808	3.19	1	0	0.865185185185185
ENSG00000198517	MAFK	7.49	0	0	0.174814814814815
ENSG00000198521	ZNF43	8.09	1	0	0.971851851851852
ENSG00000198538	ZNF28	7.73	1	0	0.859259259259259
ENSG00000198551	ZNF627	7.22	1	1	0.853333333333333
ENSG00000198554	WDHD1	28.47	1	1	0.995555555555556
ENSG00000198556	ZNF789	2.37	0	0	0.188148148148148
ENSG00000198597	ZNF536	0.1	1	1	0.845925925925926
ENSG00000198604	BAZ1A	13.66	0	0	0.342222222222222
ENSG00000198625	MDM4	8.21	1	1	0.906666666666667
ENSG00000198633	ZNF534	0.08	0	0	0.776296296296296
ENSG00000198646	NCOA6	4.41	0	0	0.00740740740740741
ENSG00000198715	GLMP	23.28	0	0	0.588148148148148
ENSG00000198728	LDB1	86.52	1	1	0.98962962962963
ENSG00000198730	CTR9	19.17	0	0	0.351111111111111
ENSG00000198740	ZNF652	9.71	1	1	0.971851851851852
ENSG00000198795	ZNF521	1.2	1	1	0.794074074074074
ENSG00000198807	PAX9	0.57	0	0	0.377777777777778
ENSG00000198815	FOXJ3	11.15	0	0	0.238518518518519
ENSG00000198816	ZNF358	67.65	1	1	1
ENSG00000198846	TOX	8.96	1	1	0.88
ENSG00000198911	SREBF2	59.01	0	0	0.64
ENSG00000198914	POU3F3	0.03	1	1	0.711111111111111
ENSG00000198939	ZFP2	1.24	1	1	0.988148148148148
ENSG00000198963	RORB	0.01	1	1	0.487407407407407
ENSG00000203883	SOX18	0.98	1	1	0.77037037037037
ENSG00000203989	RHOXF2B	0.66	1	1	1
ENSG00000204060	FOXO6	4.46	1	0	0.884444444444444
ENSG00000204103	MAFB	8.04	1	1	0.943703703703704
ENSG00000204209	DAXX	29.48	0	0	0.266666666666667
ENSG00000204227	RING1	34.39	0	0	0.8
ENSG00000204231	RXRB	20.65	1	0	0.721481481481482
ENSG00000204256	BRD2	66.09	0	0	0.764444444444444
ENSG00000204304	PBX2	68.71	1	1	1
ENSG00000204335	SP5	0.74	1	1	0.711111111111111
ENSG00000204366	ZBTB12	31.32	1	1	0.997037037037037
ENSG00000204371	EHMT2	53.54	1	1	0.977777777777778
ENSG00000204514	ZNF814	10.48	1	1	1
ENSG00000204519	ZNF551	3.55	0	0	0.493333333333333
ENSG00000204524	ZNF805	1.3	0	0	0.644444444444444
ENSG00000204531	POU5F1	456.48	1	1	1
ENSG00000204595	DPRX	0.4	1	1	0.912592592592593
ENSG00000204604	ZNF468	3.8	0	0	0.368888888888889
ENSG00000204611	ZNF616	5.7	1	0	0.881481481481482
ENSG00000204612	FOXB2	20.6	1	1	0.998518518518518
ENSG00000204644	ZFP57	2.15	1	1	0.940740740740741
ENSG00000204713	TRIM27	19.63	0	0	0.13037037037037
ENSG00000204779	FOXD4L5	0.02	1	1	0.995555555555556
ENSG00000204859	ZBTB48	12.92	1	1	0.943703703703704
ENSG00000204920	ZNF155	3.73	0	0	0.825185185185185
ENSG00000204946	ZNF783	8.1	1	1	0.951111111111111
ENSG00000204947	ZNF425	1.84	1	1	0.86962962962963
ENSG00000205143	ARID3C	0.09	0	0	0.377777777777778
ENSG00000205250	E2F4	43.1	0	0	0.477037037037037
ENSG00000205899	BHLHA9	0.62	1	1	1
ENSG00000205922	ONECUT3	0.01	1	1	0.699259259259259
ENSG00000205927	OLIG2	0.05	1	1	0.825185185185185
ENSG00000212993	POU5F1B	40.86	1	1	1
ENSG00000213015	ZNF580	22.03	1	1	0.943703703703704
ENSG00000213020	ZNF611	2.73	0	0	0.70962962962963
ENSG00000213024	NUP62	33.59	0	0	0.311111111111111
ENSG00000213096	ZNF254	7.1	1	0	0.93037037037037
ENSG00000213246	SUPT4H1	67.88	1	0	0.88
ENSG00000213347	MXD3	63.56	1	1	0.997037037037037
ENSG00000213523	SRA1	31.53	1	1	0.945185185185185
ENSG00000213676	ATF6B	30.4	0	0	0.376296296296296
ENSG00000213762	ZNF134	8.27	0	0	0.659259259259259
ENSG00000213799	ZNF845	5	0	0	0.868148148148148
ENSG00000213921	LEUTX	12.19	1	1	0.998518518518518
ENSG00000213928	IRF9	12.11	0	0	0.631111111111111
ENSG00000213967	ZNF726	0.89	0	0	0.626666666666667
ENSG00000213973	ZNF99	0	0	1	0
ENSG00000213988	ZNF90	67.44	1	1	1
ENSG00000213999	MEF2B	7.21	1	0	0.893333333333333
ENSG00000214022	REPIN1	39.26	0	0	0.453333333333333
ENSG00000214114	MYCBP	16.97	0	0	0.585185185185185
ENSG00000214513	NOTO	0.05	1	1	0.936296296296296
ENSG00000214717	ZBED1	12.4	1	1	1
ENSG00000215271	HOMEZ	3.62	0	0	0.453333333333333
ENSG00000215343	ZNF705D	0	0	0	0
ENSG00000215356	ZNF705B	0	0	0	0
ENSG00000215372	ZNF705G	0.01	1	1	0.940740740740741
ENSG00000215397	SCRT2	0.01	1	1	0.745185185185185
ENSG00000215421	ZNF407	1.11	0	0	0.111111111111111
ENSG00000215474	SKOR2	0.01	0	0	0.934814814814815
ENSG00000215612	HMX1	0.61	1	1	0.884444444444444
ENSG00000217236	SP9	0.51	1	1	0.872592592592593
ENSG00000218891	ZNF579	28	1	1	0.997037037037037
ENSG00000220201	ZGLP1	1.27	1	1	0.884444444444444
ENSG00000221818	EBF2	0.02	1	1	0.801481481481481
ENSG00000221869	CEBPD	3.69	0	0	0.342222222222222
ENSG00000221923	ZNF880	5.03	1	0	0.82962962962963
ENSG00000221926	TRIM16	6.12	0	0	0.420740740740741
ENSG00000221994	ZNF630	1.07	1	0	0.804444444444444
ENSG00000223547	ZNF844	1.83	0	0	0.617777777777778
ENSG00000225614	ZNF469	0.25	1	1	0.637037037037037
ENSG00000227059	ANHX	0.06	1	1	0.991111111111111
ENSG00000227124	ZNF717	1.83	1	1	0.98962962962963
ENSG00000229544	NKX1-2	2.27	1	1	0.914074074074074
ENSG00000229676	ZNF492	0.01	1	1	0.554074074074074
ENSG00000229809	ZNF688	2.2	0	0	0.299259259259259
ENSG00000230797	YY2	0.81	0	0	0.198518518518519
ENSG00000230989	HSBP1	33.41	0	0	0.114074074074074
ENSG00000233608	TWIST2	1.92	1	1	0.752592592592593
ENSG00000234284	ZNF879	1.46	1	1	0.822222222222222
ENSG00000234444	ZNF736	0.03	0	0	0.131851851851852
ENSG00000235109	ZSCAN31	1.16	0	0	0.527407407407407
ENSG00000236609	ZNF853	3.29	1	0	0.805925925925926
ENSG00000237440	ZNF737	3.5	1	0	0.958518518518519
ENSG00000237452	BHMG1	0.13	1	1	0.831111111111111
ENSG00000239306	RBM14	30.97	1	1	0.964444444444444
ENSG00000242441	GTF2A1L	0.04	1	1	0.77037037037037
ENSG00000242852	ZNF709	1.05	0	0	0.782222222222222
ENSG00000243943	ZNF512	22.68	1	1	0.900740740740741
ENSG00000244405	ETV5	10.14	0	0	0.422222222222222
ENSG00000245680	ZNF585B	2.46	1	0	0.811851851851852
ENSG00000245848	CEBPA	2.54	1	1	0.662222222222222
ENSG00000248483	POU5F2	0.02	1	1	0.754074074074074
ENSG00000249459	ZNF286B	5.89	1	1	1
ENSG00000249471	ZNF324B	1.36	0	0	0.194074074074074
ENSG00000249709	ZNF564	3.03	0	0	0.712592592592593
ENSG00000249961	TERB1	0.02	0	0	0.226666666666667
ENSG00000250571	GLI4	13.8	1	1	0.925925925925926
ENSG00000250709	CCDC169-SOHLH2	11.99	1	1	0.964444444444444
ENSG00000251192	ZNF674	1.3	0	0	0.773333333333333
ENSG00000251247	ZNF345	1.35	0	0	0.891851851851852
ENSG00000251369	ZNF550	2.92	0	0	0.219259259259259
ENSG00000251493	FOXD1	2.43	0	0	0.435555555555556
ENSG00000253293	HOXA10	0	0	0	0
ENSG00000253506	NACA2	0.84	0	0	0.820740740740741
ENSG00000253729	PRKDC	22.27	0	0	0.042962962962963
ENSG00000253831	ETV3L	0.13	0	0	0.388148148148148
ENSG00000254004	ZNF260	6.41	0	0	0.768888888888889
ENSG00000255302	EID1	104.87	1	1	0.802962962962963
ENSG00000256087	ZNF432	3.84	0	0	0.819259259259259
ENSG00000256223	ZNF10	3.29	1	1	0.912592592592593
ENSG00000256229	ZNF486	28.49	1	1	1
ENSG00000256294	ZNF225	1.1	0	0	0.245925925925926
ENSG00000256463	SALL3	4.75	1	1	0.976296296296296
ENSG00000256683	ZNF350	1.98	0	0	0.374814814814815
ENSG00000256771	ZNF253	8.26	1	0	0.914074074074074
ENSG00000257315	ZBED6	2.04	0	0	0.0592592592592593
ENSG00000257446	ZNF878	0.44	0	0	0.57037037037037
ENSG00000257591	ZNF625	3.37	1	0	0.917037037037037
ENSG00000257923	CUX1	7.24	0	0	0.395555555555556
ENSG00000258405	ZNF578	0.27	1	0	0.768888888888889
ENSG00000258873	DUXA	0.35	1	1	1
ENSG00000260027	HOXB7	0.14	0	0	0.125925925925926
ENSG00000260428	SCX	9.02	1	1	0.998518518518518
ENSG00000260596	DUX4	1.12	1	1	1
ENSG00000261221	ZNF865	13.58	1	1	0.998518518518518
ENSG00000261678	SCRT1	0.43	1	1	0.934814814814815
ENSG00000261787	TCF24	0.19	1	1	0.797037037037037
ENSG00000263001	GTF2I	29.07	1	1	0.915555555555556
ENSG00000263002	ZNF234	2.4	0	0	0.660740740740741
ENSG00000265763	ZNF488	2.17	1	0	0.65037037037037
ENSG00000265972	TXNIP	221.66	1	1	0.951111111111111
ENSG00000266265	KLF14	0.03	1	1	0.524444444444444
ENSG00000266412	NCOA4	34.7	0	0	0.272592592592593
ENSG00000267041	ZNF850	2.21	0	0	0.888888888888889
ENSG00000267508	ZNF285	0.75	1	0	0.656296296296296
ENSG00000267680	ZNF224	3.82	0	0	0.328888888888889
ENSG00000268738	HSFX2	0.35	1	1	1
ENSG00000269067	ZNF728	0.02	1	1	0.788148148148148
ENSG00000269343	ZNF587B	10.08	1	1	0.982222222222222
ENSG00000269404	SPIB	0.21	1	1	0.814814814814815
ENSG00000269699	ZIM2	0	0	1	0
ENSG00000270011	ZNF559-ZNF177	3.2	1	0	0.918518518518519
ENSG00000272333	KMT2B	19.7	1	1	0.945185185185185
ENSG00000272602	ZNF595	4.61	1	0	0.767407407407407
ENSG00000273274	ZBTB8B	0.55	1	1	0.86962962962963
